confidence_threshold,iou_threshold,tp,fp,fn,precision,recall,f1
0.0,0.5,1134,3688,13,0.23517212774782248,0.988666085440279,0.37996314290500915
0.05,0.5,1126,430,21,0.7236503856041131,0.981691368788143,0.8331483536810951
0.1,0.5,1123,208,24,0.8437265214124718,0.979075850043592,0.9063761097659402
0.15,0.5,1123,116,24,0.9063761097659403,0.979075850043592,0.9413243922883487
0.2,0.5,1122,80,25,0.9334442595673876,0.978204010462075,0.9553001277139208
0.25,0.5,1121,51,26,0.9564846416382252,0.977332170880558,0.966796032772747
0.3,0.5,1121,40,26,0.9655469422911284,0.977332170880558,0.9714038128249568
0.35,0.5,1121,33,26,0.9714038128249567,0.977332170880558,0.9743589743589745
0.4,0.5,1121,30,26,0.9739357080799305,0.977332170880558,0.9756309834638817
0.45,0.5,1120,27,27,0.976460331299041,0.976460331299041,0.976460331299041
0.5,0.5,1115,27,32,0.9763572679509632,0.972101133391456,0.9742245522062035
0.55,0.5,997,23,150,0.9774509803921568,0.8692240627724499,0.9201661282879557
0.6,0.5,600,14,547,0.9771986970684039,0.5231037489102005,0.6814310051107325
0.65,0.5,209,4,938,0.9812206572769953,0.1822144725370532,0.3073529411764706
0.7,0.5,30,0,1117,1.0,0.026155187445510025,0.05097706032285472
0.75,0.5,0,0,1147,0.0,0.0,0.0
0.8,0.5,0,0,1147,0.0,0.0,0.0
0.85,0.5,0,0,1147,0.0,0.0,0.0
0.9,0.5,0,0,1147,0.0,0.0,0.0
0.95,0.5,0,0,1147,0.0,0.0,0.0
