stem,legacy_txt_path,raw_match,raw_path,related_xml,evidence,recommended_status,confidence,notes
001_20200901_003429(1),4. X-ray 검사장비 AI 데이터셋/dataset/test1/yolov3/labels/001_20200901_003429(1).txt,TRUE,4. X-ray 검사장비 AI 데이터셋/dataset/test1/yolov3/X선이물검출기(06.23_09.22)/3호기(2020.09.22)/SN12053_20200901_NgImage/001_20200901_003429(1).bmp,4. X-ray 검사장비 AI 데이터셋/dataset/OpenLabeling-master/main/output/PASCAL_VOC/001_20200901_003429(1).xml,Raw BMP exists; a PASCAL VOC XML exists and converts to this legacy TXT. Notebook places the TXT in the 15-image OpenLabeling/YOLO practice workflow. Stem is absent from the dedicated 500-label collection and all cumulative images 15/50/100/200/300/400 subsets.,EXCLUDE_FROM_AUTHORITATIVE_DEVELOPMENT,STRONGLY SUPPORTED,Reason for omission from the 500-label collection is undocumented. Excluded conservatively; not asserted to be an invalid annotation. 
001_20200922_163329(0),4. X-ray 검사장비 AI 데이터셋/dataset/test1/yolov3/labels/001_20200922_163329(0).txt,TRUE,4. X-ray 검사장비 AI 데이터셋/dataset/test1/yolov3/X선이물검출기(06.23_09.22)/3호기(2020.09.22)/SN12053_20200922_NgImage/001_20200922_163329(0).bmp,4. X-ray 검사장비 AI 데이터셋/dataset/OpenLabeling-master/main/output/PASCAL_VOC/001_20200922_163329(0).xml,Raw BMP exists; a PASCAL VOC XML exists and converts to this legacy TXT. Notebook places the TXT in the 15-image OpenLabeling/YOLO practice workflow. Stem is absent from the dedicated 500-label collection and all cumulative images 15/50/100/200/300/400 subsets.,EXCLUDE_FROM_AUTHORITATIVE_DEVELOPMENT,STRONGLY SUPPORTED,Reason for omission from the 500-label collection is undocumented. Excluded conservatively; not asserted to be an invalid annotation. 
002_20200714_043029(1),4. X-ray 검사장비 AI 데이터셋/dataset/test1/yolov3/labels/002_20200714_043029(1).txt,TRUE,4. X-ray 검사장비 AI 데이터셋/dataset/test1/yolov3/X선이물검출기(06.23_09.22)/2호기(2020.09.22)/SN77127_20200714_NgImage/002_20200714_043029(1).bmp,4. X-ray 검사장비 AI 데이터셋/dataset/OpenLabeling-master/main/output/PASCAL_VOC/002_20200714_043029(1).xml,Raw BMP exists; a PASCAL VOC XML exists and converts to this legacy TXT. Notebook places the TXT in the 15-image OpenLabeling/YOLO practice workflow. Stem is absent from the dedicated 500-label collection and all cumulative images 15/50/100/200/300/400 subsets.,EXCLUDE_FROM_AUTHORITATIVE_DEVELOPMENT,STRONGLY SUPPORTED,Reason for omission from the 500-label collection is undocumented. Excluded conservatively; not asserted to be an invalid annotation. 
002_20200715_042416(9),4. X-ray 검사장비 AI 데이터셋/dataset/test1/yolov3/labels/002_20200715_042416(9).txt,TRUE,4. X-ray 검사장비 AI 데이터셋/dataset/test1/yolov3/X선이물검출기(06.23_09.22)/1호기(2020.09.22)/SN77128_20200715_NgImage/002_20200715_042416(9).bmp,4. X-ray 검사장비 AI 데이터셋/dataset/OpenLabeling-master/main/output/PASCAL_VOC/002_20200715_042416(9).xml,Raw BMP exists; a PASCAL VOC XML exists and converts to this legacy TXT. Notebook places the TXT in the 15-image OpenLabeling/YOLO practice workflow. Stem is absent from the dedicated 500-label collection and all cumulative images 15/50/100/200/300/400 subsets.,EXCLUDE_FROM_AUTHORITATIVE_DEVELOPMENT,STRONGLY SUPPORTED,Reason for omission from the 500-label collection is undocumented. Excluded conservatively; not asserted to be an invalid annotation. 
002_20200831_083545(0),4. X-ray 검사장비 AI 데이터셋/dataset/test1/yolov3/labels/002_20200831_083545(0).txt,TRUE,4. X-ray 검사장비 AI 데이터셋/dataset/test1/yolov3/X선이물검출기(06.23_09.22)/1호기(2020.09.22)/SN77128_20200831_NgImage/002_20200831_083545(0).bmp,4. X-ray 검사장비 AI 데이터셋/dataset/OpenLabeling-master/main/output/PASCAL_VOC/002_20200831_083545(0).xml,Raw BMP exists; a PASCAL VOC XML exists and converts to this legacy TXT. Notebook places the TXT in the 15-image OpenLabeling/YOLO practice workflow. Stem is absent from the dedicated 500-label collection and all cumulative images 15/50/100/200/300/400 subsets.,EXCLUDE_FROM_AUTHORITATIVE_DEVELOPMENT,STRONGLY SUPPORTED,Reason for omission from the 500-label collection is undocumented. Excluded conservatively; not asserted to be an invalid annotation. 
002_20200831_123134(5),4. X-ray 검사장비 AI 데이터셋/dataset/test1/yolov3/labels/002_20200831_123134(5).txt,TRUE,4. X-ray 검사장비 AI 데이터셋/dataset/test1/yolov3/X선이물검출기(06.23_09.22)/1호기(2020.09.22)/SN77128_20200831_NgImage/002_20200831_123134(5).bmp,4. X-ray 검사장비 AI 데이터셋/dataset/OpenLabeling-master/main/output/PASCAL_VOC/002_20200831_123134(5).xml,Raw BMP exists; a PASCAL VOC XML exists and converts to this legacy TXT. Notebook places the TXT in the 15-image OpenLabeling/YOLO practice workflow. Stem is absent from the dedicated 500-label collection and all cumulative images 15/50/100/200/300/400 subsets.,EXCLUDE_FROM_AUTHORITATIVE_DEVELOPMENT,STRONGLY SUPPORTED,Reason for omission from the 500-label collection is undocumented. Excluded conservatively; not asserted to be an invalid annotation. 
002_20200908_043137(8),4. X-ray 검사장비 AI 데이터셋/dataset/test1/yolov3/labels/002_20200908_043137(8).txt,TRUE,4. X-ray 검사장비 AI 데이터셋/dataset/test1/yolov3/X선이물검출기(06.23_09.22)/2호기(2020.09.22)/SN77127_20200908_NgImage/002_20200908_043137(8).bmp,4. X-ray 검사장비 AI 데이터셋/dataset/OpenLabeling-master/main/output/PASCAL_VOC/002_20200908_043137(8).xml,Raw BMP exists; a PASCAL VOC XML exists and converts to this legacy TXT. Notebook places the TXT in the 15-image OpenLabeling/YOLO practice workflow. Stem is absent from the dedicated 500-label collection and all cumulative images 15/50/100/200/300/400 subsets.,EXCLUDE_FROM_AUTHORITATIVE_DEVELOPMENT,STRONGLY SUPPORTED,Reason for omission from the 500-label collection is undocumented. Excluded conservatively; not asserted to be an invalid annotation. 
002_20200915_003459(4),4. X-ray 검사장비 AI 데이터셋/dataset/test1/yolov3/labels/002_20200915_003459(4).txt,TRUE,4. X-ray 검사장비 AI 데이터셋/dataset/test1/yolov3/X선이물검출기(06.23_09.22)/2호기(2020.09.22)/SN77127_20200915_NgImage/002_20200915_003459(4).bmp,4. X-ray 검사장비 AI 데이터셋/dataset/OpenLabeling-master/main/output/PASCAL_VOC/002_20200915_003459(4).xml,Raw BMP exists; a PASCAL VOC XML exists and converts to this legacy TXT. Notebook places the TXT in the 15-image OpenLabeling/YOLO practice workflow. Stem is absent from the dedicated 500-label collection and all cumulative images 15/50/100/200/300/400 subsets.,EXCLUDE_FROM_AUTHORITATIVE_DEVELOPMENT,STRONGLY SUPPORTED,Reason for omission from the 500-label collection is undocumented. Excluded conservatively; not asserted to be an invalid annotation. 
002_20200917_043110(7),4. X-ray 검사장비 AI 데이터셋/dataset/test1/yolov3/labels/002_20200917_043110(7).txt,TRUE,4. X-ray 검사장비 AI 데이터셋/dataset/test1/yolov3/X선이물검출기(06.23_09.22)/2호기(2020.09.22)/SN77127_20200917_NgImage/002_20200917_043110(7).bmp,4. X-ray 검사장비 AI 데이터셋/dataset/OpenLabeling-master/main/output/PASCAL_VOC/002_20200917_043110(7).xml,Raw BMP exists; a PASCAL VOC XML exists and converts to this legacy TXT. Notebook places the TXT in the 15-image OpenLabeling/YOLO practice workflow. Stem is absent from the dedicated 500-label collection and all cumulative images 15/50/100/200/300/400 subsets.,EXCLUDE_FROM_AUTHORITATIVE_DEVELOPMENT,STRONGLY SUPPORTED,Reason for omission from the 500-label collection is undocumented. Excluded conservatively; not asserted to be an invalid annotation. 
002_20200917_202952(6),4. X-ray 검사장비 AI 데이터셋/dataset/test1/yolov3/labels/002_20200917_202952(6).txt,TRUE,4. X-ray 검사장비 AI 데이터셋/dataset/test1/yolov3/X선이물검출기(06.23_09.22)/1호기(2020.09.22)/SN77128_20200917_NgImage/002_20200917_202952(6).bmp;4. X-ray 검사장비 AI 데이터셋/dataset/test1/yolov3/X선이물검출기(06.23_09.22)/1호기(2020.09.22)/SN77128_20200918_NgImage/002_20200917_202952(6).bmp,4. X-ray 검사장비 AI 데이터셋/dataset/OpenLabeling-master/main/output/PASCAL_VOC/002_20200917_202952(6).xml,Raw BMP exists; a PASCAL VOC XML exists and converts to this legacy TXT. Notebook places the TXT in the 15-image OpenLabeling/YOLO practice workflow. Stem is absent from the dedicated 500-label collection and all cumulative images 15/50/100/200/300/400 subsets.,EXCLUDE_FROM_AUTHORITATIVE_DEVELOPMENT,STRONGLY SUPPORTED,Reason for omission from the 500-label collection is undocumented. Excluded conservatively; not asserted to be an invalid annotation. Multiple raw paths are byte-identical.
002_20200917_203001(5),4. X-ray 검사장비 AI 데이터셋/dataset/test1/yolov3/labels/002_20200917_203001(5).txt,TRUE,4. X-ray 검사장비 AI 데이터셋/dataset/test1/yolov3/X선이물검출기(06.23_09.22)/1호기(2020.09.22)/SN77128_20200917_NgImage/002_20200917_203001(5).bmp;4. X-ray 검사장비 AI 데이터셋/dataset/test1/yolov3/X선이물검출기(06.23_09.22)/1호기(2020.09.22)/SN77128_20200918_NgImage/002_20200917_203001(5).bmp,4. X-ray 검사장비 AI 데이터셋/dataset/OpenLabeling-master/main/output/PASCAL_VOC/002_20200917_203001(5).xml,Raw BMP exists; a PASCAL VOC XML exists and converts to this legacy TXT. Notebook places the TXT in the 15-image OpenLabeling/YOLO practice workflow. Stem is absent from the dedicated 500-label collection and all cumulative images 15/50/100/200/300/400 subsets.,EXCLUDE_FROM_AUTHORITATIVE_DEVELOPMENT,STRONGLY SUPPORTED,Reason for omission from the 500-label collection is undocumented. Excluded conservatively; not asserted to be an invalid annotation. Multiple raw paths are byte-identical.
002_20200922_083747(7),4. X-ray 검사장비 AI 데이터셋/dataset/test1/yolov3/labels/002_20200922_083747(7).txt,TRUE,4. X-ray 검사장비 AI 데이터셋/dataset/test1/yolov3/X선이물검출기(06.23_09.22)/2호기(2020.09.22)/SN77127_20200922_NgImage/002_20200922_083747(7).bmp,4. X-ray 검사장비 AI 데이터셋/dataset/OpenLabeling-master/main/output/PASCAL_VOC/002_20200922_083747(7).xml,Raw BMP exists; a PASCAL VOC XML exists and converts to this legacy TXT. Notebook places the TXT in the 15-image OpenLabeling/YOLO practice workflow. Stem is absent from the dedicated 500-label collection and all cumulative images 15/50/100/200/300/400 subsets.,EXCLUDE_FROM_AUTHORITATIVE_DEVELOPMENT,STRONGLY SUPPORTED,Reason for omission from the 500-label collection is undocumented. Excluded conservatively; not asserted to be an invalid annotation. 
