threshold_seconds,feature,group_or_category,sample_count,object_count,group_count,sample_fraction,group_fraction,group_metric_min,group_metric_q25,group_metric_median,group_metric_q75,group_metric_max,notes
3,machine,1호기(2020.09.22),156,404,136,0.312,0.344304,,,,,4,Categorical composition; max is the largest within-group category count.
3,machine,2호기(2020.09.22),177,376,123,0.354,0.311392,,,,,6,Categorical composition; max is the largest within-group category count.
3,machine,3호기(2020.09.22),167,367,136,0.334,0.344304,,,,,6,Categorical composition; max is the largest within-group category count.
3,date,20200622,18,54,16,0.036,0.040506,,,,,2,Categorical composition; max is the largest within-group category count.
3,date,20200623,108,323,92,0.216,0.232911,,,,,6,Categorical composition; max is the largest within-group category count.
3,date,20200624,104,312,88,0.208,0.222785,,,,,6,Categorical composition; max is the largest within-group category count.
3,date,20200625,30,90,30,0.06,0.075949,,,,,1,Categorical composition; max is the largest within-group category count.
3,date,20200629,34,102,18,0.068,0.04557,,,,,6,Categorical composition; max is the largest within-group category count.
3,date,20200714,25,75,16,0.05,0.040506,,,,,4,Categorical composition; max is the largest within-group category count.
3,date,20200715,5,15,5,0.01,0.012658,,,,,1,Categorical composition; max is the largest within-group category count.
3,date,20200727,2,2,2,0.004,0.005063,,,,,1,Categorical composition; max is the largest within-group category count.
3,date,20200728,10,10,7,0.02,0.017722,,,,,2,Categorical composition; max is the largest within-group category count.
3,date,20200810,7,7,7,0.014,0.017722,,,,,1,Categorical composition; max is the largest within-group category count.
3,date,20200811,4,4,4,0.008,0.010127,,,,,1,Categorical composition; max is the largest within-group category count.
3,date,20200814,11,11,11,0.022,0.027848,,,,,1,Categorical composition; max is the largest within-group category count.
3,date,20200815,2,2,2,0.004,0.005063,,,,,1,Categorical composition; max is the largest within-group category count.
3,date,20200818,7,7,6,0.014,0.01519,,,,,2,Categorical composition; max is the largest within-group category count.
3,date,20200819,9,9,8,0.018,0.020253,,,,,2,Categorical composition; max is the largest within-group category count.
3,date,20200821,4,4,4,0.008,0.010127,,,,,1,Categorical composition; max is the largest within-group category count.
3,date,20200826,6,6,4,0.012,0.010127,,,,,2,Categorical composition; max is the largest within-group category count.
3,date,20200831,7,7,5,0.014,0.012658,,,,,2,Categorical composition; max is the largest within-group category count.
3,date,20200901,28,28,15,0.056,0.037975,,,,,6,Categorical composition; max is the largest within-group category count.
3,date,20200904,3,3,2,0.006,0.005063,,,,,2,Categorical composition; max is the largest within-group category count.
3,date,20200905,51,51,37,0.102,0.093671,,,,,6,Categorical composition; max is the largest within-group category count.
3,date,20200906,12,12,8,0.024,0.020253,,,,,3,Categorical composition; max is the largest within-group category count.
3,date,20200907,11,11,7,0.022,0.017722,,,,,3,Categorical composition; max is the largest within-group category count.
3,date,20200922,2,2,1,0.004,0.002532,,,,,2,Categorical composition; max is the largest within-group category count.
3,image_resolution,316x332,209,408,151,0.418,0.382278,,,,,6,Categorical composition; max is the largest within-group category count.
3,image_resolution,352x332,124,372,108,0.248,0.273418,,,,,4,Categorical composition; max is the largest within-group category count.
3,image_resolution,576x444,167,367,136,0.334,0.344304,,,,,6,Categorical composition; max is the largest within-group category count.
3,object_count,1,176,176,130,0.352,0.329114,,,,,6,Categorical composition; max is the largest within-group category count.
3,object_count,2,1,2,1,0.002,0.002532,,,,,1,Categorical composition; max is the largest within-group category count.
3,object_count,3,323,969,264,0.646,0.668354,,,,,6,Categorical composition; max is the largest within-group category count.
3,bbox_min_side_px,group_object_mean_distribution,500,1147,395,1,1,6.33333333,8.66666667,9.66666667,11,15.33333333,Continuous distribution of per-group object means; no categorical threshold applied.
3,bbox_area_ratio,group_object_mean_distribution,500,1147,395,1,1,0.00025025,0.00057744,0.00074446,0.00095,0.00182693,Continuous distribution of per-group object means; no categorical threshold applied.
6,machine,1호기(2020.09.22),156,404,42,0.312,0.28,,,,,6,Categorical composition; max is the largest within-group category count.
6,machine,2호기(2020.09.22),177,376,35,0.354,0.233333,,,,,6,Categorical composition; max is the largest within-group category count.
6,machine,3호기(2020.09.22),167,367,73,0.334,0.486667,,,,,6,Categorical composition; max is the largest within-group category count.
6,date,20200622,18,54,5,0.036,0.033333,,,,,6,Categorical composition; max is the largest within-group category count.
6,date,20200623,108,323,23,0.216,0.153333,,,,,6,Categorical composition; max is the largest within-group category count.
6,date,20200624,104,312,30,0.208,0.2,,,,,6,Categorical composition; max is the largest within-group category count.
6,date,20200625,30,90,7,0.06,0.046667,,,,,6,Categorical composition; max is the largest within-group category count.
6,date,20200629,34,102,8,0.068,0.053333,,,,,6,Categorical composition; max is the largest within-group category count.
6,date,20200714,25,75,6,0.05,0.04,,,,,6,Categorical composition; max is the largest within-group category count.
6,date,20200715,5,15,3,0.01,0.02,,,,,2,Categorical composition; max is the largest within-group category count.
6,date,20200727,2,2,1,0.004,0.006667,,,,,2,Categorical composition; max is the largest within-group category count.
6,date,20200728,10,10,6,0.02,0.04,,,,,2,Categorical composition; max is the largest within-group category count.
6,date,20200810,7,7,4,0.014,0.026667,,,,,2,Categorical composition; max is the largest within-group category count.
6,date,20200811,4,4,2,0.008,0.013333,,,,,2,Categorical composition; max is the largest within-group category count.
6,date,20200814,11,11,7,0.022,0.046667,,,,,2,Categorical composition; max is the largest within-group category count.
6,date,20200815,2,2,2,0.004,0.013333,,,,,1,Categorical composition; max is the largest within-group category count.
6,date,20200818,7,7,5,0.014,0.033333,,,,,2,Categorical composition; max is the largest within-group category count.
6,date,20200819,9,9,7,0.018,0.046667,,,,,2,Categorical composition; max is the largest within-group category count.
6,date,20200821,4,4,2,0.008,0.013333,,,,,2,Categorical composition; max is the largest within-group category count.
6,date,20200826,6,6,3,0.012,0.02,,,,,2,Categorical composition; max is the largest within-group category count.
6,date,20200831,7,7,4,0.014,0.026667,,,,,2,Categorical composition; max is the largest within-group category count.
6,date,20200901,28,28,7,0.056,0.046667,,,,,6,Categorical composition; max is the largest within-group category count.
6,date,20200904,3,3,2,0.006,0.013333,,,,,2,Categorical composition; max is the largest within-group category count.
6,date,20200905,51,51,10,0.102,0.066667,,,,,6,Categorical composition; max is the largest within-group category count.
6,date,20200906,12,12,3,0.024,0.02,,,,,6,Categorical composition; max is the largest within-group category count.
6,date,20200907,11,11,2,0.022,0.013333,,,,,6,Categorical composition; max is the largest within-group category count.
6,date,20200922,2,2,1,0.004,0.006667,,,,,2,Categorical composition; max is the largest within-group category count.
6,image_resolution,316x332,209,408,43,0.418,0.286667,,,,,6,Categorical composition; max is the largest within-group category count.
6,image_resolution,352x332,124,372,34,0.248,0.226667,,,,,6,Categorical composition; max is the largest within-group category count.
6,image_resolution,576x444,167,367,73,0.334,0.486667,,,,,6,Categorical composition; max is the largest within-group category count.
6,object_count,1,176,176,68,0.352,0.453333,,,,,6,Categorical composition; max is the largest within-group category count.
6,object_count,2,1,2,1,0.002,0.006667,,,,,1,Categorical composition; max is the largest within-group category count.
6,object_count,3,323,969,82,0.646,0.546667,,,,,6,Categorical composition; max is the largest within-group category count.
6,bbox_min_side_px,group_object_mean_distribution,500,1147,150,1,1,7.26666667,9,9.75555556,10.90972222,15.33333333,Continuous distribution of per-group object means; no categorical threshold applied.
6,bbox_area_ratio,group_object_mean_distribution,500,1147,150,1,1,0.00029717,0.00054742,0.00070532,0.00087031,0.00145837,Continuous distribution of per-group object means; no categorical threshold applied.
10,machine,1호기(2020.09.22),156,404,36,0.312,0.276923,,,,,6,Categorical composition; max is the largest within-group category count.
10,machine,2호기(2020.09.22),177,376,33,0.354,0.253846,,,,,6,Categorical composition; max is the largest within-group category count.
10,machine,3호기(2020.09.22),167,367,61,0.334,0.469231,,,,,6,Categorical composition; max is the largest within-group category count.
10,date,20200622,18,54,5,0.036,0.038462,,,,,6,Categorical composition; max is the largest within-group category count.
10,date,20200623,108,323,19,0.216,0.146154,,,,,6,Categorical composition; max is the largest within-group category count.
10,date,20200624,104,312,25,0.208,0.192308,,,,,6,Categorical composition; max is the largest within-group category count.
10,date,20200625,30,90,6,0.06,0.046154,,,,,6,Categorical composition; max is the largest within-group category count.
10,date,20200629,34,102,7,0.068,0.053846,,,,,6,Categorical composition; max is the largest within-group category count.
10,date,20200714,25,75,5,0.05,0.038462,,,,,6,Categorical composition; max is the largest within-group category count.
10,date,20200715,5,15,2,0.01,0.015385,,,,,3,Categorical composition; max is the largest within-group category count.
10,date,20200727,2,2,1,0.004,0.007692,,,,,2,Categorical composition; max is the largest within-group category count.
10,date,20200728,10,10,5,0.02,0.038462,,,,,2,Categorical composition; max is the largest within-group category count.
10,date,20200810,7,7,4,0.014,0.030769,,,,,2,Categorical composition; max is the largest within-group category count.
10,date,20200811,4,4,2,0.008,0.015385,,,,,2,Categorical composition; max is the largest within-group category count.
10,date,20200814,11,11,6,0.022,0.046154,,,,,2,Categorical composition; max is the largest within-group category count.
10,date,20200815,2,2,2,0.004,0.015385,,,,,1,Categorical composition; max is the largest within-group category count.
10,date,20200818,7,7,5,0.014,0.038462,,,,,2,Categorical composition; max is the largest within-group category count.
10,date,20200819,9,9,5,0.018,0.038462,,,,,2,Categorical composition; max is the largest within-group category count.
10,date,20200821,4,4,2,0.008,0.015385,,,,,2,Categorical composition; max is the largest within-group category count.
10,date,20200826,6,6,3,0.012,0.023077,,,,,2,Categorical composition; max is the largest within-group category count.
10,date,20200831,7,7,4,0.014,0.030769,,,,,2,Categorical composition; max is the largest within-group category count.
10,date,20200901,28,28,6,0.056,0.046154,,,,,6,Categorical composition; max is the largest within-group category count.
10,date,20200904,3,3,1,0.006,0.007692,,,,,3,Categorical composition; max is the largest within-group category count.
10,date,20200905,51,51,9,0.102,0.069231,,,,,6,Categorical composition; max is the largest within-group category count.
10,date,20200906,12,12,3,0.024,0.023077,,,,,6,Categorical composition; max is the largest within-group category count.
10,date,20200907,11,11,2,0.022,0.015385,,,,,6,Categorical composition; max is the largest within-group category count.
10,date,20200922,2,2,1,0.004,0.007692,,,,,2,Categorical composition; max is the largest within-group category count.
10,image_resolution,316x332,209,408,40,0.418,0.307692,,,,,6,Categorical composition; max is the largest within-group category count.
10,image_resolution,352x332,124,372,29,0.248,0.223077,,,,,6,Categorical composition; max is the largest within-group category count.
10,image_resolution,576x444,167,367,61,0.334,0.469231,,,,,6,Categorical composition; max is the largest within-group category count.
10,object_count,1,176,176,61,0.352,0.469231,,,,,6,Categorical composition; max is the largest within-group category count.
10,object_count,2,1,2,1,0.002,0.007692,,,,,1,Categorical composition; max is the largest within-group category count.
10,object_count,3,323,969,69,0.646,0.530769,,,,,6,Categorical composition; max is the largest within-group category count.
10,bbox_min_side_px,group_object_mean_distribution,500,1147,130,1,1,7.26666667,9,9.75555556,10.825,14,Continuous distribution of per-group object means; no categorical threshold applied.
10,bbox_area_ratio,group_object_mean_distribution,500,1147,130,1,1,0.00029717,0.00053944,0.00071141,0.00087816,0.00145837,Continuous distribution of per-group object means; no categorical threshold applied.
30,machine,1호기(2020.09.22),156,404,33,0.312,0.275,,,,,6,Categorical composition; max is the largest within-group category count.
30,machine,2호기(2020.09.22),177,376,33,0.354,0.275,,,,,6,Categorical composition; max is the largest within-group category count.
30,machine,3호기(2020.09.22),167,367,54,0.334,0.45,,,,,7,Categorical composition; max is the largest within-group category count.
30,date,20200622,18,54,3,0.036,0.025,,,,,6,Categorical composition; max is the largest within-group category count.
30,date,20200623,108,323,18,0.216,0.15,,,,,6,Categorical composition; max is the largest within-group category count.
30,date,20200624,104,312,23,0.208,0.191667,,,,,6,Categorical composition; max is the largest within-group category count.
30,date,20200625,30,90,5,0.06,0.041667,,,,,6,Categorical composition; max is the largest within-group category count.
30,date,20200629,34,102,6,0.068,0.05,,,,,7,Categorical composition; max is the largest within-group category count.
30,date,20200714,25,75,5,0.05,0.041667,,,,,6,Categorical composition; max is the largest within-group category count.
30,date,20200715,5,15,1,0.01,0.008333,,,,,5,Categorical composition; max is the largest within-group category count.
30,date,20200727,2,2,1,0.004,0.008333,,,,,2,Categorical composition; max is the largest within-group category count.
30,date,20200728,10,10,5,0.02,0.041667,,,,,2,Categorical composition; max is the largest within-group category count.
30,date,20200810,7,7,4,0.014,0.033333,,,,,2,Categorical composition; max is the largest within-group category count.
30,date,20200811,4,4,2,0.008,0.016667,,,,,2,Categorical composition; max is the largest within-group category count.
30,date,20200814,11,11,6,0.022,0.05,,,,,2,Categorical composition; max is the largest within-group category count.
30,date,20200815,2,2,2,0.004,0.016667,,,,,1,Categorical composition; max is the largest within-group category count.
30,date,20200818,7,7,4,0.014,0.033333,,,,,2,Categorical composition; max is the largest within-group category count.
30,date,20200819,9,9,5,0.018,0.041667,,,,,2,Categorical composition; max is the largest within-group category count.
30,date,20200821,4,4,2,0.008,0.016667,,,,,2,Categorical composition; max is the largest within-group category count.
30,date,20200826,6,6,3,0.012,0.025,,,,,2,Categorical composition; max is the largest within-group category count.
30,date,20200831,7,7,4,0.014,0.033333,,,,,2,Categorical composition; max is the largest within-group category count.
30,date,20200901,28,28,6,0.056,0.05,,,,,6,Categorical composition; max is the largest within-group category count.
30,date,20200904,3,3,1,0.006,0.008333,,,,,3,Categorical composition; max is the largest within-group category count.
30,date,20200905,51,51,9,0.102,0.075,,,,,6,Categorical composition; max is the largest within-group category count.
30,date,20200906,12,12,2,0.024,0.016667,,,,,6,Categorical composition; max is the largest within-group category count.
30,date,20200907,11,11,2,0.022,0.016667,,,,,6,Categorical composition; max is the largest within-group category count.
30,date,20200922,2,2,1,0.004,0.008333,,,,,2,Categorical composition; max is the largest within-group category count.
30,image_resolution,316x332,209,408,39,0.418,0.325,,,,,6,Categorical composition; max is the largest within-group category count.
30,image_resolution,352x332,124,372,27,0.248,0.225,,,,,6,Categorical composition; max is the largest within-group category count.
30,image_resolution,576x444,167,367,54,0.334,0.45,,,,,7,Categorical composition; max is the largest within-group category count.
30,object_count,1,176,176,59,0.352,0.491667,,,,,6,Categorical composition; max is the largest within-group category count.
30,object_count,2,1,2,1,0.002,0.008333,,,,,1,Categorical composition; max is the largest within-group category count.
30,object_count,3,323,969,61,0.646,0.508333,,,,,7,Categorical composition; max is the largest within-group category count.
30,bbox_min_side_px,group_object_mean_distribution,500,1147,120,1,1,7.44444444,8.97222222,9.66666667,10.72222222,13.77777778,Continuous distribution of per-group object means; no categorical threshold applied.
30,bbox_area_ratio,group_object_mean_distribution,500,1147,120,1,1,0.00029717,0.00053955,0.00071202,0.00088304,0.00145837,Continuous distribution of per-group object means; no categorical threshold applied.
60,machine,1호기(2020.09.22),156,404,33,0.312,0.277311,,,,,6,Categorical composition; max is the largest within-group category count.
60,machine,2호기(2020.09.22),177,376,33,0.354,0.277311,,,,,6,Categorical composition; max is the largest within-group category count.
60,machine,3호기(2020.09.22),167,367,53,0.334,0.445378,,,,,7,Categorical composition; max is the largest within-group category count.
60,date,20200622,18,54,3,0.036,0.02521,,,,,6,Categorical composition; max is the largest within-group category count.
60,date,20200623,108,323,18,0.216,0.151261,,,,,6,Categorical composition; max is the largest within-group category count.
60,date,20200624,104,312,23,0.208,0.193277,,,,,6,Categorical composition; max is the largest within-group category count.
60,date,20200625,30,90,5,0.06,0.042017,,,,,6,Categorical composition; max is the largest within-group category count.
60,date,20200629,34,102,6,0.068,0.05042,,,,,7,Categorical composition; max is the largest within-group category count.
60,date,20200714,25,75,5,0.05,0.042017,,,,,6,Categorical composition; max is the largest within-group category count.
60,date,20200715,5,15,1,0.01,0.008403,,,,,5,Categorical composition; max is the largest within-group category count.
60,date,20200727,2,2,1,0.004,0.008403,,,,,2,Categorical composition; max is the largest within-group category count.
60,date,20200728,10,10,5,0.02,0.042017,,,,,2,Categorical composition; max is the largest within-group category count.
60,date,20200810,7,7,4,0.014,0.033613,,,,,2,Categorical composition; max is the largest within-group category count.
60,date,20200811,4,4,2,0.008,0.016807,,,,,2,Categorical composition; max is the largest within-group category count.
60,date,20200814,11,11,6,0.022,0.05042,,,,,2,Categorical composition; max is the largest within-group category count.
60,date,20200815,2,2,1,0.004,0.008403,,,,,2,Categorical composition; max is the largest within-group category count.
60,date,20200818,7,7,4,0.014,0.033613,,,,,2,Categorical composition; max is the largest within-group category count.
60,date,20200819,9,9,5,0.018,0.042017,,,,,2,Categorical composition; max is the largest within-group category count.
60,date,20200821,4,4,2,0.008,0.016807,,,,,2,Categorical composition; max is the largest within-group category count.
60,date,20200826,6,6,3,0.012,0.02521,,,,,2,Categorical composition; max is the largest within-group category count.
60,date,20200831,7,7,4,0.014,0.033613,,,,,2,Categorical composition; max is the largest within-group category count.
60,date,20200901,28,28,6,0.056,0.05042,,,,,6,Categorical composition; max is the largest within-group category count.
60,date,20200904,3,3,1,0.006,0.008403,,,,,3,Categorical composition; max is the largest within-group category count.
60,date,20200905,51,51,9,0.102,0.07563,,,,,6,Categorical composition; max is the largest within-group category count.
60,date,20200906,12,12,2,0.024,0.016807,,,,,6,Categorical composition; max is the largest within-group category count.
60,date,20200907,11,11,2,0.022,0.016807,,,,,6,Categorical composition; max is the largest within-group category count.
60,date,20200922,2,2,1,0.004,0.008403,,,,,2,Categorical composition; max is the largest within-group category count.
60,image_resolution,316x332,209,408,39,0.418,0.327731,,,,,6,Categorical composition; max is the largest within-group category count.
60,image_resolution,352x332,124,372,27,0.248,0.226891,,,,,6,Categorical composition; max is the largest within-group category count.
60,image_resolution,576x444,167,367,53,0.334,0.445378,,,,,7,Categorical composition; max is the largest within-group category count.
60,object_count,1,176,176,58,0.352,0.487395,,,,,6,Categorical composition; max is the largest within-group category count.
60,object_count,2,1,2,1,0.002,0.008403,,,,,1,Categorical composition; max is the largest within-group category count.
60,object_count,3,323,969,61,0.646,0.512605,,,,,7,Categorical composition; max is the largest within-group category count.
60,bbox_min_side_px,group_object_mean_distribution,500,1147,119,1,1,7.44444444,8.94444444,9.66666667,10.66666667,13.77777778,Continuous distribution of per-group object means; no categorical threshold applied.
60,bbox_area_ratio,group_object_mean_distribution,500,1147,119,1,1,0.00029717,0.00053949,0.00071239,0.00088471,0.00145837,Continuous distribution of per-group object means; no categorical threshold applied.
