evaluation_requirement,observed_fact,evidence_file,metric_or_count,implication,limitation,next_action
production unit,One allowlisted row maps one canonical BMP frame to one TXT label; folders encode machine/SN/date and filenames encode date/time.,01a_sample_metadata.csv,500 logical frames,Frame is the verified analysis unit; short temporal spacing suggests correlated inspections.,Physical product/lot identity is undocumented.,Keep sequence/similarity groups intact when testing validation.
variable meaning,"Filename prefix, date, time, and parenthetical token are parseable.",01a_sample_metadata.csv,metadata conflicts=6,Date/time can support temporal grouping.,Parenthetical token meaning is unknown.,Treat token as opaque until documentation is found.
time relationship,Many samples have close within-machine/SN/date capture gaps.,01a_sequence_analysis.csv,gaps<=10s: 374/463,Random splitting can separate dependent frames.,Close time does not prove duplicate product identity.,Test grouped temporal windows.
equipment relationship,Machine and SN groups are present with descriptive acquisition differences.,01a_machine_date_image_summary.csv,"machines=3, SN=3",Equipment-aware validation is relevant.,Machine/SN/date are confounded.,"Use grouped stress tests, not causal claims."
product relationship,No explicit product or lot identifier is present in the approved metadata.,01a_sample_metadata.csv,unavailable,Product-stratified analysis cannot be justified.,Visual appearance must not be relabeled as product identity.,Request documentation if product grouping is required.
missing data,Allowlist raw/TXT paths exist and label rows parse.,01a_allowlist_integrity.csv; 01a_label_integrity.csv,"missing=0, label review=0",Approved scope is structurally complete.,This does not certify annotation correctness.,Carry annotation provenance limits forward.
duplicates,No cross-stem exact duplicate was found; dHash flags similarity candidates.,01a_duplicate_nearduplicate.csv,"exact=0, near=3",Similarity components may need grouped folds.,dHash threshold is exploratory.,Sensitivity-test grouping threshold before split selection.
abnormal/invalid data,"Label coordinates, positive box sizes, and bounds were validated.",01a_label_integrity.csv,review=0,No structural label error blocks later analysis.,No visual annotation-quality audit was performed.,Defer qualitative annotation audit to an approved later task.
imbalance,Machine/date/object-count and continuous bbox conditions are unevenly represented.,01a_imbalance_summary.csv,largest date=20200623 (108),Aggregate metrics may reflect dominant groups.,Quantile bins are exploratory.,Retain continuous variables and report subgroup counts.
preprocessing implications,Three resolutions and 8-bit indexed palettes are present; resize projections show small-object representation loss at lower targets.,01a_image_features.csv; 01a_resize_risk.csv,resolutions=3,Raw input size/letterbox effects require later controlled tests.,No preprocessing method was compared or selected.,Defer representation experiments to the approved later stage.
validation strategy implications,"Temporal bursts, group imbalance, and similarity candidates create random-split leakage risk.",01a_validation_risk_assessment.md,"3 near pairs; same-machine 100.0%, same-date 0.0%, <=10 s 0.0%",Grouped validation candidates should be tested.,No split was created.,Test sequence/date/machine-aware candidates next.
