representation,metric,overall_value,object_size_subgroup_or_quantile,machine,resolution,n_objects,background_amplification,limitations,notes
RAW,median_absolute_median_difference,8,ALL,ALL,ALL,1147,,Analysis-only representation; artifact pixels excluded from quantitative regions.,Median object-level metric; no detector or final preprocessing selection.
RAW,median_cnr_like_robust,0.82437753,ALL,ALL,ALL,1147,,Analysis-only representation; artifact pixels excluded from quantitative regions.,Median object-level metric; no detector or final preprocessing selection.
RAW,median_background_std,11.057245,ALL,ALL,ALL,1147,1,Analysis-only representation; artifact pixels excluded from quantitative regions.,Median object-level metric; no detector or final preprocessing selection.
RAW,median_background_iqr,13,ALL,ALL,ALL,1147,1,Analysis-only representation; artifact pixels excluded from quantitative regions.,Median object-level metric; no detector or final preprocessing selection.
RAW,median_saturation_fraction,0,ALL,ALL,ALL,1147,,Analysis-only representation; artifact pixels excluded from quantitative regions.,Median object-level metric; no detector or final preprocessing selection.
RAW,median_absolute_median_difference,6.5,Q1_smallest,ALL,ALL,295,,Analysis-only representation; artifact pixels excluded from quantitative regions.,Median object-level metric; no detector or final preprocessing selection.
RAW,median_cnr_like_robust,0.85844268,Q1_smallest,ALL,ALL,295,,Analysis-only representation; artifact pixels excluded from quantitative regions.,Median object-level metric; no detector or final preprocessing selection.
RAW,median_background_std,9.4742042,Q1_smallest,ALL,ALL,295,1,Analysis-only representation; artifact pixels excluded from quantitative regions.,Median object-level metric; no detector or final preprocessing selection.
RAW,median_background_iqr,12,Q1_smallest,ALL,ALL,295,1,Analysis-only representation; artifact pixels excluded from quantitative regions.,Median object-level metric; no detector or final preprocessing selection.
RAW,median_saturation_fraction,0,Q1_smallest,ALL,ALL,295,,Analysis-only representation; artifact pixels excluded from quantitative regions.,Median object-level metric; no detector or final preprocessing selection.
RAW,median_absolute_median_difference,7,Q2,ALL,ALL,480,,Analysis-only representation; artifact pixels excluded from quantitative regions.,Median object-level metric; no detector or final preprocessing selection.
RAW,median_cnr_like_robust,0.81902443,Q2,ALL,ALL,480,,Analysis-only representation; artifact pixels excluded from quantitative regions.,Median object-level metric; no detector or final preprocessing selection.
RAW,median_background_std,11.34351,Q2,ALL,ALL,480,1,Analysis-only representation; artifact pixels excluded from quantitative regions.,Median object-level metric; no detector or final preprocessing selection.
RAW,median_background_iqr,13,Q2,ALL,ALL,480,1,Analysis-only representation; artifact pixels excluded from quantitative regions.,Median object-level metric; no detector or final preprocessing selection.
RAW,median_saturation_fraction,0,Q2,ALL,ALL,480,,Analysis-only representation; artifact pixels excluded from quantitative regions.,Median object-level metric; no detector or final preprocessing selection.
RAW,median_absolute_median_difference,9,Q3,ALL,ALL,144,,Analysis-only representation; artifact pixels excluded from quantitative regions.,Median object-level metric; no detector or final preprocessing selection.
RAW,median_cnr_like_robust,0.7869058,Q3,ALL,ALL,144,,Analysis-only representation; artifact pixels excluded from quantitative regions.,Median object-level metric; no detector or final preprocessing selection.
RAW,median_background_std,11.579608,Q3,ALL,ALL,144,1,Analysis-only representation; artifact pixels excluded from quantitative regions.,Median object-level metric; no detector or final preprocessing selection.
RAW,median_background_iqr,16.125,Q3,ALL,ALL,144,1,Analysis-only representation; artifact pixels excluded from quantitative regions.,Median object-level metric; no detector or final preprocessing selection.
RAW,median_saturation_fraction,0,Q3,ALL,ALL,144,,Analysis-only representation; artifact pixels excluded from quantitative regions.,Median object-level metric; no detector or final preprocessing selection.
RAW,median_absolute_median_difference,9,Q4_largest,ALL,ALL,228,,Analysis-only representation; artifact pixels excluded from quantitative regions.,Median object-level metric; no detector or final preprocessing selection.
RAW,median_cnr_like_robust,0.8093888,Q4_largest,ALL,ALL,228,,Analysis-only representation; artifact pixels excluded from quantitative regions.,Median object-level metric; no detector or final preprocessing selection.
RAW,median_background_std,11.77514,Q4_largest,ALL,ALL,228,1,Analysis-only representation; artifact pixels excluded from quantitative regions.,Median object-level metric; no detector or final preprocessing selection.
RAW,median_background_iqr,16,Q4_largest,ALL,ALL,228,1,Analysis-only representation; artifact pixels excluded from quantitative regions.,Median object-level metric; no detector or final preprocessing selection.
RAW,median_saturation_fraction,0,Q4_largest,ALL,ALL,228,,Analysis-only representation; artifact pixels excluded from quantitative regions.,Median object-level metric; no detector or final preprocessing selection.
RAW,median_absolute_median_difference,8,ALL,1호기(2020.09.22),ALL,404,,Analysis-only representation; artifact pixels excluded from quantitative regions.,Median object-level metric; no detector or final preprocessing selection.
RAW,median_cnr_like_robust,0.93066745,ALL,1호기(2020.09.22),ALL,404,,Analysis-only representation; artifact pixels excluded from quantitative regions.,Median object-level metric; no detector or final preprocessing selection.
RAW,median_background_std,11.062,ALL,1호기(2020.09.22),ALL,404,1,Analysis-only representation; artifact pixels excluded from quantitative regions.,Median object-level metric; no detector or final preprocessing selection.
RAW,median_background_iqr,13,ALL,1호기(2020.09.22),ALL,404,1,Analysis-only representation; artifact pixels excluded from quantitative regions.,Median object-level metric; no detector or final preprocessing selection.
RAW,median_saturation_fraction,0,ALL,1호기(2020.09.22),ALL,404,,Analysis-only representation; artifact pixels excluded from quantitative regions.,Median object-level metric; no detector or final preprocessing selection.
RAW,median_absolute_median_difference,8.5,ALL,2호기(2020.09.22),ALL,376,,Analysis-only representation; artifact pixels excluded from quantitative regions.,Median object-level metric; no detector or final preprocessing selection.
RAW,median_cnr_like_robust,0.89932094,ALL,2호기(2020.09.22),ALL,376,,Analysis-only representation; artifact pixels excluded from quantitative regions.,Median object-level metric; no detector or final preprocessing selection.
RAW,median_background_std,11.655583,ALL,2호기(2020.09.22),ALL,376,1,Analysis-only representation; artifact pixels excluded from quantitative regions.,Median object-level metric; no detector or final preprocessing selection.
RAW,median_background_iqr,16,ALL,2호기(2020.09.22),ALL,376,1,Analysis-only representation; artifact pixels excluded from quantitative regions.,Median object-level metric; no detector or final preprocessing selection.
RAW,median_saturation_fraction,0,ALL,2호기(2020.09.22),ALL,376,,Analysis-only representation; artifact pixels excluded from quantitative regions.,Median object-level metric; no detector or final preprocessing selection.
RAW,median_absolute_median_difference,7,ALL,3호기(2020.09.22),ALL,367,,Analysis-only representation; artifact pixels excluded from quantitative regions.,Median object-level metric; no detector or final preprocessing selection.
RAW,median_cnr_like_robust,0.67449069,ALL,3호기(2020.09.22),ALL,367,,Analysis-only representation; artifact pixels excluded from quantitative regions.,Median object-level metric; no detector or final preprocessing selection.
RAW,median_background_std,10.441284,ALL,3호기(2020.09.22),ALL,367,1,Analysis-only representation; artifact pixels excluded from quantitative regions.,Median object-level metric; no detector or final preprocessing selection.
RAW,median_background_iqr,13,ALL,3호기(2020.09.22),ALL,367,1,Analysis-only representation; artifact pixels excluded from quantitative regions.,Median object-level metric; no detector or final preprocessing selection.
RAW,median_saturation_fraction,0,ALL,3호기(2020.09.22),ALL,367,,Analysis-only representation; artifact pixels excluded from quantitative regions.,Median object-level metric; no detector or final preprocessing selection.
RAW,median_absolute_median_difference,8,ALL,ALL,316x332,408,,Analysis-only representation; artifact pixels excluded from quantitative regions.,Median object-level metric; no detector or final preprocessing selection.
RAW,median_cnr_like_robust,0.88216285,ALL,ALL,316x332,408,,Analysis-only representation; artifact pixels excluded from quantitative regions.,Median object-level metric; no detector or final preprocessing selection.
RAW,median_background_std,11.675247,ALL,ALL,316x332,408,1,Analysis-only representation; artifact pixels excluded from quantitative regions.,Median object-level metric; no detector or final preprocessing selection.
RAW,median_background_iqr,15.5,ALL,ALL,316x332,408,1,Analysis-only representation; artifact pixels excluded from quantitative regions.,Median object-level metric; no detector or final preprocessing selection.
RAW,median_saturation_fraction,0,ALL,ALL,316x332,408,,Analysis-only representation; artifact pixels excluded from quantitative regions.,Median object-level metric; no detector or final preprocessing selection.
RAW,median_absolute_median_difference,8,ALL,ALL,352x332,372,,Analysis-only representation; artifact pixels excluded from quantitative regions.,Median object-level metric; no detector or final preprocessing selection.
RAW,median_cnr_like_robust,0.96355813,ALL,ALL,352x332,372,,Analysis-only representation; artifact pixels excluded from quantitative regions.,Median object-level metric; no detector or final preprocessing selection.
RAW,median_background_std,10.97247,ALL,ALL,352x332,372,1,Analysis-only representation; artifact pixels excluded from quantitative regions.,Median object-level metric; no detector or final preprocessing selection.
RAW,median_background_iqr,13,ALL,ALL,352x332,372,1,Analysis-only representation; artifact pixels excluded from quantitative regions.,Median object-level metric; no detector or final preprocessing selection.
RAW,median_saturation_fraction,0,ALL,ALL,352x332,372,,Analysis-only representation; artifact pixels excluded from quantitative regions.,Median object-level metric; no detector or final preprocessing selection.
RAW,median_absolute_median_difference,7,ALL,ALL,576x444,367,,Analysis-only representation; artifact pixels excluded from quantitative regions.,Median object-level metric; no detector or final preprocessing selection.
RAW,median_cnr_like_robust,0.67449069,ALL,ALL,576x444,367,,Analysis-only representation; artifact pixels excluded from quantitative regions.,Median object-level metric; no detector or final preprocessing selection.
RAW,median_background_std,10.441284,ALL,ALL,576x444,367,1,Analysis-only representation; artifact pixels excluded from quantitative regions.,Median object-level metric; no detector or final preprocessing selection.
RAW,median_background_iqr,13,ALL,ALL,576x444,367,1,Analysis-only representation; artifact pixels excluded from quantitative regions.,Median object-level metric; no detector or final preprocessing selection.
RAW,median_saturation_fraction,0,ALL,ALL,576x444,367,,Analysis-only representation; artifact pixels excluded from quantitative regions.,Median object-level metric; no detector or final preprocessing selection.
WINDOW_P01_P99,median_absolute_median_difference,8,ALL,ALL,ALL,1147,,Analysis-only representation; artifact pixels excluded from quantitative regions.,Median object-level metric; no detector or final preprocessing selection.
WINDOW_P01_P99,median_cnr_like_robust,0.67449069,ALL,ALL,ALL,1147,,Analysis-only representation; artifact pixels excluded from quantitative regions.,Median object-level metric; no detector or final preprocessing selection.
WINDOW_P01_P99,median_background_std,18.225927,ALL,ALL,ALL,1147,1.6483245,Analysis-only representation; artifact pixels excluded from quantitative regions.,Median object-level metric; no detector or final preprocessing selection.
WINDOW_P01_P99,median_background_iqr,23.5,ALL,ALL,ALL,1147,1.8076923,Analysis-only representation; artifact pixels excluded from quantitative regions.,Median object-level metric; no detector or final preprocessing selection.
WINDOW_P01_P99,median_saturation_fraction,0.39593909,ALL,ALL,ALL,1147,,Analysis-only representation; artifact pixels excluded from quantitative regions.,Median object-level metric; no detector or final preprocessing selection.
WINDOW_P01_P99,median_absolute_median_difference,5,Q1_smallest,ALL,ALL,295,,Analysis-only representation; artifact pixels excluded from quantitative regions.,Median object-level metric; no detector or final preprocessing selection.
WINDOW_P01_P99,median_cnr_like_robust,0.67449063,Q1_smallest,ALL,ALL,295,,Analysis-only representation; artifact pixels excluded from quantitative regions.,Median object-level metric; no detector or final preprocessing selection.
WINDOW_P01_P99,median_background_std,13.850138,Q1_smallest,ALL,ALL,295,1.4618788,Analysis-only representation; artifact pixels excluded from quantitative regions.,Median object-level metric; no detector or final preprocessing selection.
WINDOW_P01_P99,median_background_iqr,16,Q1_smallest,ALL,ALL,295,1.3333333,Analysis-only representation; artifact pixels excluded from quantitative regions.,Median object-level metric; no detector or final preprocessing selection.
WINDOW_P01_P99,median_saturation_fraction,0.45289855,Q1_smallest,ALL,ALL,295,,Analysis-only representation; artifact pixels excluded from quantitative regions.,Median object-level metric; no detector or final preprocessing selection.
WINDOW_P01_P99,median_absolute_median_difference,6,Q2,ALL,ALL,480,,Analysis-only representation; artifact pixels excluded from quantitative regions.,Median object-level metric; no detector or final preprocessing selection.
WINDOW_P01_P99,median_cnr_like_robust,0.67449065,Q2,ALL,ALL,480,,Analysis-only representation; artifact pixels excluded from quantitative regions.,Median object-level metric; no detector or final preprocessing selection.
WINDOW_P01_P99,median_background_std,18.358756,Q2,ALL,ALL,480,1.618437,Analysis-only representation; artifact pixels excluded from quantitative regions.,Median object-level metric; no detector or final preprocessing selection.
WINDOW_P01_P99,median_background_iqr,22,Q2,ALL,ALL,480,1.6923077,Analysis-only representation; artifact pixels excluded from quantitative regions.,Median object-level metric; no detector or final preprocessing selection.
WINDOW_P01_P99,median_saturation_fraction,0.45201656,Q2,ALL,ALL,480,,Analysis-only representation; artifact pixels excluded from quantitative regions.,Median object-level metric; no detector or final preprocessing selection.
WINDOW_P01_P99,median_absolute_median_difference,13,Q3,ALL,ALL,144,,Analysis-only representation; artifact pixels excluded from quantitative regions.,Median object-level metric; no detector or final preprocessing selection.
WINDOW_P01_P99,median_cnr_like_robust,0.67449072,Q3,ALL,ALL,144,,Analysis-only representation; artifact pixels excluded from quantitative regions.,Median object-level metric; no detector or final preprocessing selection.
WINDOW_P01_P99,median_background_std,19.344173,Q3,ALL,ALL,144,1.6705378,Analysis-only representation; artifact pixels excluded from quantitative regions.,Median object-level metric; no detector or final preprocessing selection.
WINDOW_P01_P99,median_background_iqr,31,Q3,ALL,ALL,144,1.9224806,Analysis-only representation; artifact pixels excluded from quantitative regions.,Median object-level metric; no detector or final preprocessing selection.
WINDOW_P01_P99,median_saturation_fraction,0.34306983,Q3,ALL,ALL,144,,Analysis-only representation; artifact pixels excluded from quantitative regions.,Median object-level metric; no detector or final preprocessing selection.
WINDOW_P01_P99,median_absolute_median_difference,17,Q4_largest,ALL,ALL,228,,Analysis-only representation; artifact pixels excluded from quantitative regions.,Median object-level metric; no detector or final preprocessing selection.
WINDOW_P01_P99,median_cnr_like_robust,0.69135301,Q4_largest,ALL,ALL,228,,Analysis-only representation; artifact pixels excluded from quantitative regions.,Median object-level metric; no detector or final preprocessing selection.
WINDOW_P01_P99,median_background_std,21.229009,Q4_largest,ALL,ALL,228,1.8028668,Analysis-only representation; artifact pixels excluded from quantitative regions.,Median object-level metric; no detector or final preprocessing selection.
WINDOW_P01_P99,median_background_iqr,32,Q4_largest,ALL,ALL,228,2,Analysis-only representation; artifact pixels excluded from quantitative regions.,Median object-level metric; no detector or final preprocessing selection.
WINDOW_P01_P99,median_saturation_fraction,0.29513704,Q4_largest,ALL,ALL,228,,Analysis-only representation; artifact pixels excluded from quantitative regions.,Median object-level metric; no detector or final preprocessing selection.
WINDOW_P01_P99,median_absolute_median_difference,8,ALL,1호기(2020.09.22),ALL,404,,Analysis-only representation; artifact pixels excluded from quantitative regions.,Median object-level metric; no detector or final preprocessing selection.
WINDOW_P01_P99,median_cnr_like_robust,0.6744907,ALL,1호기(2020.09.22),ALL,404,,Analysis-only representation; artifact pixels excluded from quantitative regions.,Median object-level metric; no detector or final preprocessing selection.
WINDOW_P01_P99,median_background_std,19.352562,ALL,1호기(2020.09.22),ALL,404,1.7494632,Analysis-only representation; artifact pixels excluded from quantitative regions.,Median object-level metric; no detector or final preprocessing selection.
WINDOW_P01_P99,median_background_iqr,22.875,ALL,1호기(2020.09.22),ALL,404,1.7596154,Analysis-only representation; artifact pixels excluded from quantitative regions.,Median object-level metric; no detector or final preprocessing selection.
WINDOW_P01_P99,median_saturation_fraction,0.4335034,ALL,1호기(2020.09.22),ALL,404,,Analysis-only representation; artifact pixels excluded from quantitative regions.,Median object-level metric; no detector or final preprocessing selection.
WINDOW_P01_P99,median_absolute_median_difference,8,ALL,2호기(2020.09.22),ALL,376,,Analysis-only representation; artifact pixels excluded from quantitative regions.,Median object-level metric; no detector or final preprocessing selection.
WINDOW_P01_P99,median_cnr_like_robust,0.67449068,ALL,2호기(2020.09.22),ALL,376,,Analysis-only representation; artifact pixels excluded from quantitative regions.,Median object-level metric; no detector or final preprocessing selection.
WINDOW_P01_P99,median_background_std,18.618089,ALL,2호기(2020.09.22),ALL,376,1.5973537,Analysis-only representation; artifact pixels excluded from quantitative regions.,Median object-level metric; no detector or final preprocessing selection.
WINDOW_P01_P99,median_background_iqr,26.25,ALL,2호기(2020.09.22),ALL,376,1.640625,Analysis-only representation; artifact pixels excluded from quantitative regions.,Median object-level metric; no detector or final preprocessing selection.
WINDOW_P01_P99,median_saturation_fraction,0.36090891,ALL,2호기(2020.09.22),ALL,376,,Analysis-only representation; artifact pixels excluded from quantitative regions.,Median object-level metric; no detector or final preprocessing selection.
WINDOW_P01_P99,median_absolute_median_difference,9.5,ALL,3호기(2020.09.22),ALL,367,,Analysis-only representation; artifact pixels excluded from quantitative regions.,Median object-level metric; no detector or final preprocessing selection.
WINDOW_P01_P99,median_cnr_like_robust,0.67449068,ALL,3호기(2020.09.22),ALL,367,,Analysis-only representation; artifact pixels excluded from quantitative regions.,Median object-level metric; no detector or final preprocessing selection.
WINDOW_P01_P99,median_background_std,16.349407,ALL,3호기(2020.09.22),ALL,367,1.5658426,Analysis-only representation; artifact pixels excluded from quantitative regions.,Median object-level metric; no detector or final preprocessing selection.
WINDOW_P01_P99,median_background_iqr,23.5,ALL,3호기(2020.09.22),ALL,367,1.8076923,Analysis-only representation; artifact pixels excluded from quantitative regions.,Median object-level metric; no detector or final preprocessing selection.
WINDOW_P01_P99,median_saturation_fraction,0.37372263,ALL,3호기(2020.09.22),ALL,367,,Analysis-only representation; artifact pixels excluded from quantitative regions.,Median object-level metric; no detector or final preprocessing selection.
WINDOW_P01_P99,median_absolute_median_difference,7,ALL,ALL,316x332,408,,Analysis-only representation; artifact pixels excluded from quantitative regions.,Median object-level metric; no detector or final preprocessing selection.
WINDOW_P01_P99,median_cnr_like_robust,0.67449065,ALL,ALL,316x332,408,,Analysis-only representation; artifact pixels excluded from quantitative regions.,Median object-level metric; no detector or final preprocessing selection.
WINDOW_P01_P99,median_background_std,18.938545,ALL,ALL,316x332,408,1.6221109,Analysis-only representation; artifact pixels excluded from quantitative regions.,Median object-level metric; no detector or final preprocessing selection.
WINDOW_P01_P99,median_background_iqr,26,ALL,ALL,316x332,408,1.6774194,Analysis-only representation; artifact pixels excluded from quantitative regions.,Median object-level metric; no detector or final preprocessing selection.
WINDOW_P01_P99,median_saturation_fraction,0.395686,ALL,ALL,316x332,408,,Analysis-only representation; artifact pixels excluded from quantitative regions.,Median object-level metric; no detector or final preprocessing selection.
WINDOW_P01_P99,median_absolute_median_difference,9,ALL,ALL,352x332,372,,Analysis-only representation; artifact pixels excluded from quantitative regions.,Median object-level metric; no detector or final preprocessing selection.
WINDOW_P01_P99,median_cnr_like_robust,0.6744907,ALL,ALL,352x332,372,,Analysis-only representation; artifact pixels excluded from quantitative regions.,Median object-level metric; no detector or final preprocessing selection.
WINDOW_P01_P99,median_background_std,19.352562,ALL,ALL,352x332,372,1.763738,Analysis-only representation; artifact pixels excluded from quantitative regions.,Median object-level metric; no detector or final preprocessing selection.
WINDOW_P01_P99,median_background_iqr,23,ALL,ALL,352x332,372,1.7692308,Analysis-only representation; artifact pixels excluded from quantitative regions.,Median object-level metric; no detector or final preprocessing selection.
WINDOW_P01_P99,median_saturation_fraction,0.41417982,ALL,ALL,352x332,372,,Analysis-only representation; artifact pixels excluded from quantitative regions.,Median object-level metric; no detector or final preprocessing selection.
WINDOW_P01_P99,median_absolute_median_difference,9.5,ALL,ALL,576x444,367,,Analysis-only representation; artifact pixels excluded from quantitative regions.,Median object-level metric; no detector or final preprocessing selection.
WINDOW_P01_P99,median_cnr_like_robust,0.67449068,ALL,ALL,576x444,367,,Analysis-only representation; artifact pixels excluded from quantitative regions.,Median object-level metric; no detector or final preprocessing selection.
WINDOW_P01_P99,median_background_std,16.349407,ALL,ALL,576x444,367,1.5658426,Analysis-only representation; artifact pixels excluded from quantitative regions.,Median object-level metric; no detector or final preprocessing selection.
WINDOW_P01_P99,median_background_iqr,23.5,ALL,ALL,576x444,367,1.8076923,Analysis-only representation; artifact pixels excluded from quantitative regions.,Median object-level metric; no detector or final preprocessing selection.
WINDOW_P01_P99,median_saturation_fraction,0.37372263,ALL,ALL,576x444,367,,Analysis-only representation; artifact pixels excluded from quantitative regions.,Median object-level metric; no detector or final preprocessing selection.
CLAHE_8X8_CLIP2_NO_INTERP,median_absolute_median_difference,14,ALL,ALL,ALL,1147,,Analysis-only representation; artifact pixels excluded from quantitative regions.,Median object-level metric; no detector or final preprocessing selection.
CLAHE_8X8_CLIP2_NO_INTERP,median_cnr_like_robust,0.69094173,ALL,ALL,ALL,1147,,Analysis-only representation; artifact pixels excluded from quantitative regions.,Median object-level metric; no detector or final preprocessing selection.
CLAHE_8X8_CLIP2_NO_INTERP,median_background_std,21.946931,ALL,ALL,ALL,1147,1.9848463,Analysis-only representation; artifact pixels excluded from quantitative regions.,Median object-level metric; no detector or final preprocessing selection.
CLAHE_8X8_CLIP2_NO_INTERP,median_background_iqr,28,ALL,ALL,ALL,1147,2.1538462,Analysis-only representation; artifact pixels excluded from quantitative regions.,Median object-level metric; no detector or final preprocessing selection.
CLAHE_8X8_CLIP2_NO_INTERP,median_saturation_fraction,0,ALL,ALL,ALL,1147,,Analysis-only representation; artifact pixels excluded from quantitative regions.,Median object-level metric; no detector or final preprocessing selection.
CLAHE_8X8_CLIP2_NO_INTERP,median_absolute_median_difference,12,Q1_smallest,ALL,ALL,295,,Analysis-only representation; artifact pixels excluded from quantitative regions.,Median object-level metric; no detector or final preprocessing selection.
CLAHE_8X8_CLIP2_NO_INTERP,median_cnr_like_robust,0.67449071,Q1_smallest,ALL,ALL,295,,Analysis-only representation; artifact pixels excluded from quantitative regions.,Median object-level metric; no detector or final preprocessing selection.
CLAHE_8X8_CLIP2_NO_INTERP,median_background_std,18.501109,Q1_smallest,ALL,ALL,295,1.9527877,Analysis-only representation; artifact pixels excluded from quantitative regions.,Median object-level metric; no detector or final preprocessing selection.
CLAHE_8X8_CLIP2_NO_INTERP,median_background_iqr,24.25,Q1_smallest,ALL,ALL,295,2.0208333,Analysis-only representation; artifact pixels excluded from quantitative regions.,Median object-level metric; no detector or final preprocessing selection.
CLAHE_8X8_CLIP2_NO_INTERP,median_saturation_fraction,0,Q1_smallest,ALL,ALL,295,,Analysis-only representation; artifact pixels excluded from quantitative regions.,Median object-level metric; no detector or final preprocessing selection.
CLAHE_8X8_CLIP2_NO_INTERP,median_absolute_median_difference,13.5,Q2,ALL,ALL,480,,Analysis-only representation; artifact pixels excluded from quantitative regions.,Median object-level metric; no detector or final preprocessing selection.
CLAHE_8X8_CLIP2_NO_INTERP,median_cnr_like_robust,0.67449073,Q2,ALL,ALL,480,,Analysis-only representation; artifact pixels excluded from quantitative regions.,Median object-level metric; no detector or final preprocessing selection.
CLAHE_8X8_CLIP2_NO_INTERP,median_background_std,22.047416,Q2,ALL,ALL,480,1.943615,Analysis-only representation; artifact pixels excluded from quantitative regions.,Median object-level metric; no detector or final preprocessing selection.
CLAHE_8X8_CLIP2_NO_INTERP,median_background_iqr,28,Q2,ALL,ALL,480,2.1538462,Analysis-only representation; artifact pixels excluded from quantitative regions.,Median object-level metric; no detector or final preprocessing selection.
CLAHE_8X8_CLIP2_NO_INTERP,median_saturation_fraction,0,Q2,ALL,ALL,480,,Analysis-only representation; artifact pixels excluded from quantitative regions.,Median object-level metric; no detector or final preprocessing selection.
CLAHE_8X8_CLIP2_NO_INTERP,median_absolute_median_difference,17,Q3,ALL,ALL,144,,Analysis-only representation; artifact pixels excluded from quantitative regions.,Median object-level metric; no detector or final preprocessing selection.
CLAHE_8X8_CLIP2_NO_INTERP,median_cnr_like_robust,0.78045912,Q3,ALL,ALL,144,,Analysis-only representation; artifact pixels excluded from quantitative regions.,Median object-level metric; no detector or final preprocessing selection.
CLAHE_8X8_CLIP2_NO_INTERP,median_background_std,24.059094,Q3,ALL,ALL,144,2.0777123,Analysis-only representation; artifact pixels excluded from quantitative regions.,Median object-level metric; no detector or final preprocessing selection.
CLAHE_8X8_CLIP2_NO_INTERP,median_background_iqr,33.625,Q3,ALL,ALL,144,2.0852713,Analysis-only representation; artifact pixels excluded from quantitative regions.,Median object-level metric; no detector or final preprocessing selection.
CLAHE_8X8_CLIP2_NO_INTERP,median_saturation_fraction,0,Q3,ALL,ALL,144,,Analysis-only representation; artifact pixels excluded from quantitative regions.,Median object-level metric; no detector or final preprocessing selection.
CLAHE_8X8_CLIP2_NO_INTERP,median_absolute_median_difference,18,Q4_largest,ALL,ALL,228,,Analysis-only representation; artifact pixels excluded from quantitative regions.,Median object-level metric; no detector or final preprocessing selection.
CLAHE_8X8_CLIP2_NO_INTERP,median_cnr_like_robust,0.73580807,Q4_largest,ALL,ALL,228,,Analysis-only representation; artifact pixels excluded from quantitative regions.,Median object-level metric; no detector or final preprocessing selection.
CLAHE_8X8_CLIP2_NO_INTERP,median_background_std,24.330828,Q4_largest,ALL,ALL,228,2.0662878,Analysis-only representation; artifact pixels excluded from quantitative regions.,Median object-level metric; no detector or final preprocessing selection.
CLAHE_8X8_CLIP2_NO_INTERP,median_background_iqr,34,Q4_largest,ALL,ALL,228,2.125,Analysis-only representation; artifact pixels excluded from quantitative regions.,Median object-level metric; no detector or final preprocessing selection.
CLAHE_8X8_CLIP2_NO_INTERP,median_saturation_fraction,0,Q4_largest,ALL,ALL,228,,Analysis-only representation; artifact pixels excluded from quantitative regions.,Median object-level metric; no detector or final preprocessing selection.
CLAHE_8X8_CLIP2_NO_INTERP,median_absolute_median_difference,15.25,ALL,1호기(2020.09.22),ALL,404,,Analysis-only representation; artifact pixels excluded from quantitative regions.,Median object-level metric; no detector or final preprocessing selection.
CLAHE_8X8_CLIP2_NO_INTERP,median_cnr_like_robust,0.83014244,ALL,1호기(2020.09.22),ALL,404,,Analysis-only representation; artifact pixels excluded from quantitative regions.,Median object-level metric; no detector or final preprocessing selection.
CLAHE_8X8_CLIP2_NO_INTERP,median_background_std,21.617495,ALL,1호기(2020.09.22),ALL,404,1.9542122,Analysis-only representation; artifact pixels excluded from quantitative regions.,Median object-level metric; no detector or final preprocessing selection.
CLAHE_8X8_CLIP2_NO_INTERP,median_background_iqr,27,ALL,1호기(2020.09.22),ALL,404,2.0769231,Analysis-only representation; artifact pixels excluded from quantitative regions.,Median object-level metric; no detector or final preprocessing selection.
CLAHE_8X8_CLIP2_NO_INTERP,median_saturation_fraction,0,ALL,1호기(2020.09.22),ALL,404,,Analysis-only representation; artifact pixels excluded from quantitative regions.,Median object-level metric; no detector or final preprocessing selection.
CLAHE_8X8_CLIP2_NO_INTERP,median_absolute_median_difference,15,ALL,2호기(2020.09.22),ALL,376,,Analysis-only representation; artifact pixels excluded from quantitative regions.,Median object-level metric; no detector or final preprocessing selection.
CLAHE_8X8_CLIP2_NO_INTERP,median_cnr_like_robust,0.70151359,ALL,2호기(2020.09.22),ALL,376,,Analysis-only representation; artifact pixels excluded from quantitative regions.,Median object-level metric; no detector or final preprocessing selection.
CLAHE_8X8_CLIP2_NO_INTERP,median_background_std,23.23362,ALL,2호기(2020.09.22),ALL,376,1.9933468,Analysis-only representation; artifact pixels excluded from quantitative regions.,Median object-level metric; no detector or final preprocessing selection.
CLAHE_8X8_CLIP2_NO_INTERP,median_background_iqr,32,ALL,2호기(2020.09.22),ALL,376,2,Analysis-only representation; artifact pixels excluded from quantitative regions.,Median object-level metric; no detector or final preprocessing selection.
CLAHE_8X8_CLIP2_NO_INTERP,median_saturation_fraction,0,ALL,2호기(2020.09.22),ALL,376,,Analysis-only representation; artifact pixels excluded from quantitative regions.,Median object-level metric; no detector or final preprocessing selection.
CLAHE_8X8_CLIP2_NO_INTERP,median_absolute_median_difference,13,ALL,3호기(2020.09.22),ALL,367,,Analysis-only representation; artifact pixels excluded from quantitative regions.,Median object-level metric; no detector or final preprocessing selection.
CLAHE_8X8_CLIP2_NO_INTERP,median_cnr_like_robust,0.63233506,ALL,3호기(2020.09.22),ALL,367,,Analysis-only representation; artifact pixels excluded from quantitative regions.,Median object-level metric; no detector or final preprocessing selection.
CLAHE_8X8_CLIP2_NO_INTERP,median_background_std,21.365678,ALL,3호기(2020.09.22),ALL,367,2.0462693,Analysis-only representation; artifact pixels excluded from quantitative regions.,Median object-level metric; no detector or final preprocessing selection.
CLAHE_8X8_CLIP2_NO_INTERP,median_background_iqr,28.5,ALL,3호기(2020.09.22),ALL,367,2.1923077,Analysis-only representation; artifact pixels excluded from quantitative regions.,Median object-level metric; no detector or final preprocessing selection.
CLAHE_8X8_CLIP2_NO_INTERP,median_saturation_fraction,0,ALL,3호기(2020.09.22),ALL,367,,Analysis-only representation; artifact pixels excluded from quantitative regions.,Median object-level metric; no detector or final preprocessing selection.
CLAHE_8X8_CLIP2_NO_INTERP,median_absolute_median_difference,14,ALL,ALL,316x332,408,,Analysis-only representation; artifact pixels excluded from quantitative regions.,Median object-level metric; no detector or final preprocessing selection.
CLAHE_8X8_CLIP2_NO_INTERP,median_cnr_like_robust,0.67449074,ALL,ALL,316x332,408,,Analysis-only representation; artifact pixels excluded from quantitative regions.,Median object-level metric; no detector or final preprocessing selection.
CLAHE_8X8_CLIP2_NO_INTERP,median_background_std,22.759296,ALL,ALL,316x332,408,1.9493632,Analysis-only representation; artifact pixels excluded from quantitative regions.,Median object-level metric; no detector or final preprocessing selection.
CLAHE_8X8_CLIP2_NO_INTERP,median_background_iqr,31,ALL,ALL,316x332,408,2,Analysis-only representation; artifact pixels excluded from quantitative regions.,Median object-level metric; no detector or final preprocessing selection.
CLAHE_8X8_CLIP2_NO_INTERP,median_saturation_fraction,0,ALL,ALL,316x332,408,,Analysis-only representation; artifact pixels excluded from quantitative regions.,Median object-level metric; no detector or final preprocessing selection.
CLAHE_8X8_CLIP2_NO_INTERP,median_absolute_median_difference,16.25,ALL,ALL,352x332,372,,Analysis-only representation; artifact pixels excluded from quantitative regions.,Median object-level metric; no detector or final preprocessing selection.
CLAHE_8X8_CLIP2_NO_INTERP,median_cnr_like_robust,0.86629334,ALL,ALL,352x332,372,,Analysis-only representation; artifact pixels excluded from quantitative regions.,Median object-level metric; no detector or final preprocessing selection.
CLAHE_8X8_CLIP2_NO_INTERP,median_background_std,21.739916,ALL,ALL,352x332,372,1.9813147,Analysis-only representation; artifact pixels excluded from quantitative regions.,Median object-level metric; no detector or final preprocessing selection.
CLAHE_8X8_CLIP2_NO_INTERP,median_background_iqr,26.875,ALL,ALL,352x332,372,2.0673077,Analysis-only representation; artifact pixels excluded from quantitative regions.,Median object-level metric; no detector or final preprocessing selection.
CLAHE_8X8_CLIP2_NO_INTERP,median_saturation_fraction,0,ALL,ALL,352x332,372,,Analysis-only representation; artifact pixels excluded from quantitative regions.,Median object-level metric; no detector or final preprocessing selection.
CLAHE_8X8_CLIP2_NO_INTERP,median_absolute_median_difference,13,ALL,ALL,576x444,367,,Analysis-only representation; artifact pixels excluded from quantitative regions.,Median object-level metric; no detector or final preprocessing selection.
CLAHE_8X8_CLIP2_NO_INTERP,median_cnr_like_robust,0.63233506,ALL,ALL,576x444,367,,Analysis-only representation; artifact pixels excluded from quantitative regions.,Median object-level metric; no detector or final preprocessing selection.
CLAHE_8X8_CLIP2_NO_INTERP,median_background_std,21.365678,ALL,ALL,576x444,367,2.0462693,Analysis-only representation; artifact pixels excluded from quantitative regions.,Median object-level metric; no detector or final preprocessing selection.
CLAHE_8X8_CLIP2_NO_INTERP,median_background_iqr,28.5,ALL,ALL,576x444,367,2.1923077,Analysis-only representation; artifact pixels excluded from quantitative regions.,Median object-level metric; no detector or final preprocessing selection.
CLAHE_8X8_CLIP2_NO_INTERP,median_saturation_fraction,0,ALL,ALL,576x444,367,,Analysis-only representation; artifact pixels excluded from quantitative regions.,Median object-level metric; no detector or final preprocessing selection.
LOCAL_RESIDUAL_ABS_15PX,median_absolute_median_difference,1.6622222,ALL,ALL,ALL,1147,,Analysis-only representation; artifact pixels excluded from quantitative regions.,Median object-level metric; no detector or final preprocessing selection.
LOCAL_RESIDUAL_ABS_15PX,median_cnr_like_robust,0.3124583,ALL,ALL,ALL,1147,,Analysis-only representation; artifact pixels excluded from quantitative regions.,Median object-level metric; no detector or final preprocessing selection.
LOCAL_RESIDUAL_ABS_15PX,median_background_std,5.2527179,ALL,ALL,ALL,1147,0.47504764,Analysis-only representation; artifact pixels excluded from quantitative regions.,Median object-level metric; no detector or final preprocessing selection.
LOCAL_RESIDUAL_ABS_15PX,median_background_iqr,7.3944444,ALL,ALL,ALL,1147,0.56880342,Analysis-only representation; artifact pixels excluded from quantitative regions.,Median object-level metric; no detector or final preprocessing selection.
LOCAL_RESIDUAL_ABS_15PX,median_saturation_fraction,0,ALL,ALL,ALL,1147,,Analysis-only representation; artifact pixels excluded from quantitative regions.,Median object-level metric; no detector or final preprocessing selection.
LOCAL_RESIDUAL_ABS_15PX,median_absolute_median_difference,1.6644444,Q1_smallest,ALL,ALL,295,,Analysis-only representation; artifact pixels excluded from quantitative regions.,Median object-level metric; no detector or final preprocessing selection.
LOCAL_RESIDUAL_ABS_15PX,median_cnr_like_robust,0.34610646,Q1_smallest,ALL,ALL,295,,Analysis-only representation; artifact pixels excluded from quantitative regions.,Median object-level metric; no detector or final preprocessing selection.
LOCAL_RESIDUAL_ABS_15PX,median_background_std,4.584909,Q1_smallest,ALL,ALL,295,0.48393605,Analysis-only representation; artifact pixels excluded from quantitative regions.,Median object-level metric; no detector or final preprocessing selection.
LOCAL_RESIDUAL_ABS_15PX,median_background_iqr,6.6144444,Q1_smallest,ALL,ALL,295,0.5512037,Analysis-only representation; artifact pixels excluded from quantitative regions.,Median object-level metric; no detector or final preprocessing selection.
LOCAL_RESIDUAL_ABS_15PX,median_saturation_fraction,0,Q1_smallest,ALL,ALL,295,,Analysis-only representation; artifact pixels excluded from quantitative regions.,Median object-level metric; no detector or final preprocessing selection.
LOCAL_RESIDUAL_ABS_15PX,median_absolute_median_difference,1.7011111,Q2,ALL,ALL,480,,Analysis-only representation; artifact pixels excluded from quantitative regions.,Median object-level metric; no detector or final preprocessing selection.
LOCAL_RESIDUAL_ABS_15PX,median_cnr_like_robust,0.30076863,Q2,ALL,ALL,480,,Analysis-only representation; artifact pixels excluded from quantitative regions.,Median object-level metric; no detector or final preprocessing selection.
LOCAL_RESIDUAL_ABS_15PX,median_background_std,5.4233115,Q2,ALL,ALL,480,0.47809818,Analysis-only representation; artifact pixels excluded from quantitative regions.,Median object-level metric; no detector or final preprocessing selection.
LOCAL_RESIDUAL_ABS_15PX,median_background_iqr,7.935,Q2,ALL,ALL,480,0.61038462,Analysis-only representation; artifact pixels excluded from quantitative regions.,Median object-level metric; no detector or final preprocessing selection.
LOCAL_RESIDUAL_ABS_15PX,median_saturation_fraction,0,Q2,ALL,ALL,480,,Analysis-only representation; artifact pixels excluded from quantitative regions.,Median object-level metric; no detector or final preprocessing selection.
LOCAL_RESIDUAL_ABS_15PX,median_absolute_median_difference,1.6011111,Q3,ALL,ALL,144,,Analysis-only representation; artifact pixels excluded from quantitative regions.,Median object-level metric; no detector or final preprocessing selection.
LOCAL_RESIDUAL_ABS_15PX,median_cnr_like_robust,0.28489747,Q3,ALL,ALL,144,,Analysis-only representation; artifact pixels excluded from quantitative regions.,Median object-level metric; no detector or final preprocessing selection.
LOCAL_RESIDUAL_ABS_15PX,median_background_std,5.253695,Q3,ALL,ALL,144,0.45370232,Analysis-only representation; artifact pixels excluded from quantitative regions.,Median object-level metric; no detector or final preprocessing selection.
LOCAL_RESIDUAL_ABS_15PX,median_background_iqr,7.3488889,Q3,ALL,ALL,144,0.45574505,Analysis-only representation; artifact pixels excluded from quantitative regions.,Median object-level metric; no detector or final preprocessing selection.
LOCAL_RESIDUAL_ABS_15PX,median_saturation_fraction,0,Q3,ALL,ALL,144,,Analysis-only representation; artifact pixels excluded from quantitative regions.,Median object-level metric; no detector or final preprocessing selection.
LOCAL_RESIDUAL_ABS_15PX,median_absolute_median_difference,1.6266667,Q4_largest,ALL,ALL,228,,Analysis-only representation; artifact pixels excluded from quantitative regions.,Median object-level metric; no detector or final preprocessing selection.
LOCAL_RESIDUAL_ABS_15PX,median_cnr_like_robust,0.32014135,Q4_largest,ALL,ALL,228,,Analysis-only representation; artifact pixels excluded from quantitative regions.,Median object-level metric; no detector or final preprocessing selection.
LOCAL_RESIDUAL_ABS_15PX,median_background_std,5.3033012,Q4_largest,ALL,ALL,228,0.45038115,Analysis-only representation; artifact pixels excluded from quantitative regions.,Median object-level metric; no detector or final preprocessing selection.
LOCAL_RESIDUAL_ABS_15PX,median_background_iqr,7.4038889,Q4_largest,ALL,ALL,228,0.46274306,Analysis-only representation; artifact pixels excluded from quantitative regions.,Median object-level metric; no detector or final preprocessing selection.
LOCAL_RESIDUAL_ABS_15PX,median_saturation_fraction,0,Q4_largest,ALL,ALL,228,,Analysis-only representation; artifact pixels excluded from quantitative regions.,Median object-level metric; no detector or final preprocessing selection.
LOCAL_RESIDUAL_ABS_15PX,median_absolute_median_difference,1.62,ALL,1호기(2020.09.22),ALL,404,,Analysis-only representation; artifact pixels excluded from quantitative regions.,Median object-level metric; no detector or final preprocessing selection.
LOCAL_RESIDUAL_ABS_15PX,median_cnr_like_robust,0.31170643,ALL,1호기(2020.09.22),ALL,404,,Analysis-only representation; artifact pixels excluded from quantitative regions.,Median object-level metric; no detector or final preprocessing selection.
LOCAL_RESIDUAL_ABS_15PX,median_background_std,4.9105613,ALL,1호기(2020.09.22),ALL,404,0.44391263,Analysis-only representation; artifact pixels excluded from quantitative regions.,Median object-level metric; no detector or final preprocessing selection.
LOCAL_RESIDUAL_ABS_15PX,median_background_iqr,6.9266667,ALL,1호기(2020.09.22),ALL,404,0.53282051,Analysis-only representation; artifact pixels excluded from quantitative regions.,Median object-level metric; no detector or final preprocessing selection.
LOCAL_RESIDUAL_ABS_15PX,median_saturation_fraction,0,ALL,1호기(2020.09.22),ALL,404,,Analysis-only representation; artifact pixels excluded from quantitative regions.,Median object-level metric; no detector or final preprocessing selection.
LOCAL_RESIDUAL_ABS_15PX,median_absolute_median_difference,1.8133333,ALL,2호기(2020.09.22),ALL,376,,Analysis-only representation; artifact pixels excluded from quantitative regions.,Median object-level metric; no detector or final preprocessing selection.
LOCAL_RESIDUAL_ABS_15PX,median_cnr_like_robust,0.32752331,ALL,2호기(2020.09.22),ALL,376,,Analysis-only representation; artifact pixels excluded from quantitative regions.,Median object-level metric; no detector or final preprocessing selection.
LOCAL_RESIDUAL_ABS_15PX,median_background_std,5.4375102,ALL,2호기(2020.09.22),ALL,376,0.46651549,Analysis-only representation; artifact pixels excluded from quantitative regions.,Median object-level metric; no detector or final preprocessing selection.
LOCAL_RESIDUAL_ABS_15PX,median_background_iqr,8.0588889,ALL,2호기(2020.09.22),ALL,376,0.50368056,Analysis-only representation; artifact pixels excluded from quantitative regions.,Median object-level metric; no detector or final preprocessing selection.
LOCAL_RESIDUAL_ABS_15PX,median_saturation_fraction,0,ALL,2호기(2020.09.22),ALL,376,,Analysis-only representation; artifact pixels excluded from quantitative regions.,Median object-level metric; no detector or final preprocessing selection.
LOCAL_RESIDUAL_ABS_15PX,median_absolute_median_difference,1.6111111,ALL,3호기(2020.09.22),ALL,367,,Analysis-only representation; artifact pixels excluded from quantitative regions.,Median object-level metric; no detector or final preprocessing selection.
LOCAL_RESIDUAL_ABS_15PX,median_cnr_like_robust,0.28889545,ALL,3호기(2020.09.22),ALL,367,,Analysis-only representation; artifact pixels excluded from quantitative regions.,Median object-level metric; no detector or final preprocessing selection.
LOCAL_RESIDUAL_ABS_15PX,median_background_std,5.1992266,ALL,3호기(2020.09.22),ALL,367,0.49794898,Analysis-only representation; artifact pixels excluded from quantitative regions.,Median object-level metric; no detector or final preprocessing selection.
LOCAL_RESIDUAL_ABS_15PX,median_background_iqr,7.2666667,ALL,3호기(2020.09.22),ALL,367,0.55897436,Analysis-only representation; artifact pixels excluded from quantitative regions.,Median object-level metric; no detector or final preprocessing selection.
LOCAL_RESIDUAL_ABS_15PX,median_saturation_fraction,0,ALL,3호기(2020.09.22),ALL,367,,Analysis-only representation; artifact pixels excluded from quantitative regions.,Median object-level metric; no detector or final preprocessing selection.
LOCAL_RESIDUAL_ABS_15PX,median_absolute_median_difference,1.8011111,ALL,ALL,316x332,408,,Analysis-only representation; artifact pixels excluded from quantitative regions.,Median object-level metric; no detector or final preprocessing selection.
LOCAL_RESIDUAL_ABS_15PX,median_cnr_like_robust,0.32516692,ALL,ALL,316x332,408,,Analysis-only representation; artifact pixels excluded from quantitative regions.,Median object-level metric; no detector or final preprocessing selection.
LOCAL_RESIDUAL_ABS_15PX,median_background_std,5.402617,ALL,ALL,316x332,408,0.46274115,Analysis-only representation; artifact pixels excluded from quantitative regions.,Median object-level metric; no detector or final preprocessing selection.
LOCAL_RESIDUAL_ABS_15PX,median_background_iqr,8.0383333,ALL,ALL,316x332,408,0.51860215,Analysis-only representation; artifact pixels excluded from quantitative regions.,Median object-level metric; no detector or final preprocessing selection.
LOCAL_RESIDUAL_ABS_15PX,median_saturation_fraction,0,ALL,ALL,316x332,408,,Analysis-only representation; artifact pixels excluded from quantitative regions.,Median object-level metric; no detector or final preprocessing selection.
LOCAL_RESIDUAL_ABS_15PX,median_absolute_median_difference,1.6211111,ALL,ALL,352x332,372,,Analysis-only representation; artifact pixels excluded from quantitative regions.,Median object-level metric; no detector or final preprocessing selection.
LOCAL_RESIDUAL_ABS_15PX,median_cnr_like_robust,0.31214183,ALL,ALL,352x332,372,,Analysis-only representation; artifact pixels excluded from quantitative regions.,Median object-level metric; no detector or final preprocessing selection.
LOCAL_RESIDUAL_ABS_15PX,median_background_std,4.9024721,ALL,ALL,352x332,372,0.4467975,Analysis-only representation; artifact pixels excluded from quantitative regions.,Median object-level metric; no detector or final preprocessing selection.
LOCAL_RESIDUAL_ABS_15PX,median_background_iqr,6.9122222,ALL,ALL,352x332,372,0.5317094,Analysis-only representation; artifact pixels excluded from quantitative regions.,Median object-level metric; no detector or final preprocessing selection.
LOCAL_RESIDUAL_ABS_15PX,median_saturation_fraction,0,ALL,ALL,352x332,372,,Analysis-only representation; artifact pixels excluded from quantitative regions.,Median object-level metric; no detector or final preprocessing selection.
LOCAL_RESIDUAL_ABS_15PX,median_absolute_median_difference,1.6111111,ALL,ALL,576x444,367,,Analysis-only representation; artifact pixels excluded from quantitative regions.,Median object-level metric; no detector or final preprocessing selection.
LOCAL_RESIDUAL_ABS_15PX,median_cnr_like_robust,0.28889545,ALL,ALL,576x444,367,,Analysis-only representation; artifact pixels excluded from quantitative regions.,Median object-level metric; no detector or final preprocessing selection.
LOCAL_RESIDUAL_ABS_15PX,median_background_std,5.1992266,ALL,ALL,576x444,367,0.49794898,Analysis-only representation; artifact pixels excluded from quantitative regions.,Median object-level metric; no detector or final preprocessing selection.
LOCAL_RESIDUAL_ABS_15PX,median_background_iqr,7.2666667,ALL,ALL,576x444,367,0.55897436,Analysis-only representation; artifact pixels excluded from quantitative regions.,Median object-level metric; no detector or final preprocessing selection.
LOCAL_RESIDUAL_ABS_15PX,median_saturation_fraction,0,ALL,ALL,576x444,367,,Analysis-only representation; artifact pixels excluded from quantitative regions.,Median object-level metric; no detector or final preprocessing selection.
GRADIENT_MAGNITUDE,median_absolute_median_difference,0.76052637,ALL,ALL,ALL,1147,,Analysis-only representation; artifact pixels excluded from quantitative regions.,Median object-level metric; no detector or final preprocessing selection.
GRADIENT_MAGNITUDE,median_cnr_like_robust,0.29039883,ALL,ALL,ALL,1147,,Analysis-only representation; artifact pixels excluded from quantitative regions.,Median object-level metric; no detector or final preprocessing selection.
GRADIENT_MAGNITUDE,median_background_std,2.8904439,ALL,ALL,ALL,1147,0.26140725,Analysis-only representation; artifact pixels excluded from quantitative regions.,Median object-level metric; no detector or final preprocessing selection.
GRADIENT_MAGNITUDE,median_background_iqr,3.6149946,ALL,ALL,ALL,1147,0.2780765,Analysis-only representation; artifact pixels excluded from quantitative regions.,Median object-level metric; no detector or final preprocessing selection.
GRADIENT_MAGNITUDE,median_saturation_fraction,0.015306122,ALL,ALL,ALL,1147,,Analysis-only representation; artifact pixels excluded from quantitative regions.,Median object-level metric; no detector or final preprocessing selection.
GRADIENT_MAGNITUDE,median_absolute_median_difference,1.4397884,Q1_smallest,ALL,ALL,295,,Analysis-only representation; artifact pixels excluded from quantitative regions.,Median object-level metric; no detector or final preprocessing selection.
GRADIENT_MAGNITUDE,median_cnr_like_robust,0.73559367,Q1_smallest,ALL,ALL,295,,Analysis-only representation; artifact pixels excluded from quantitative regions.,Median object-level metric; no detector or final preprocessing selection.
GRADIENT_MAGNITUDE,median_background_std,2.2652122,Q1_smallest,ALL,ALL,295,0.23909261,Analysis-only representation; artifact pixels excluded from quantitative regions.,Median object-level metric; no detector or final preprocessing selection.
GRADIENT_MAGNITUDE,median_background_iqr,2.9219219,Q1_smallest,ALL,ALL,295,0.24349349,Analysis-only representation; artifact pixels excluded from quantitative regions.,Median object-level metric; no detector or final preprocessing selection.
GRADIENT_MAGNITUDE,median_saturation_fraction,0.02739726,Q1_smallest,ALL,ALL,295,,Analysis-only representation; artifact pixels excluded from quantitative regions.,Median object-level metric; no detector or final preprocessing selection.
GRADIENT_MAGNITUDE,median_absolute_median_difference,0.78575891,Q2,ALL,ALL,480,,Analysis-only representation; artifact pixels excluded from quantitative regions.,Median object-level metric; no detector or final preprocessing selection.
GRADIENT_MAGNITUDE,median_cnr_like_robust,0.31170078,Q2,ALL,ALL,480,,Analysis-only representation; artifact pixels excluded from quantitative regions.,Median object-level metric; no detector or final preprocessing selection.
GRADIENT_MAGNITUDE,median_background_std,2.8405192,Q2,ALL,ALL,480,0.25040919,Analysis-only representation; artifact pixels excluded from quantitative regions.,Median object-level metric; no detector or final preprocessing selection.
GRADIENT_MAGNITUDE,median_background_iqr,3.6267817,Q2,ALL,ALL,480,0.27898321,Analysis-only representation; artifact pixels excluded from quantitative regions.,Median object-level metric; no detector or final preprocessing selection.
GRADIENT_MAGNITUDE,median_saturation_fraction,0.018580304,Q2,ALL,ALL,480,,Analysis-only representation; artifact pixels excluded from quantitative regions.,Median object-level metric; no detector or final preprocessing selection.
GRADIENT_MAGNITUDE,median_absolute_median_difference,0.5311082,Q3,ALL,ALL,144,,Analysis-only representation; artifact pixels excluded from quantitative regions.,Median object-level metric; no detector or final preprocessing selection.
GRADIENT_MAGNITUDE,median_cnr_like_robust,0.19098366,Q3,ALL,ALL,144,,Analysis-only representation; artifact pixels excluded from quantitative regions.,Median object-level metric; no detector or final preprocessing selection.
GRADIENT_MAGNITUDE,median_background_std,3.3729393,Q3,ALL,ALL,144,0.29128268,Analysis-only representation; artifact pixels excluded from quantitative regions.,Median object-level metric; no detector or final preprocessing selection.
GRADIENT_MAGNITUDE,median_background_iqr,3.868078,Q3,ALL,ALL,144,0.23988081,Analysis-only representation; artifact pixels excluded from quantitative regions.,Median object-level metric; no detector or final preprocessing selection.
GRADIENT_MAGNITUDE,median_saturation_fraction,0.007435047,Q3,ALL,ALL,144,,Analysis-only representation; artifact pixels excluded from quantitative regions.,Median object-level metric; no detector or final preprocessing selection.
GRADIENT_MAGNITUDE,median_absolute_median_difference,0.45715475,Q4_largest,ALL,ALL,228,,Analysis-only representation; artifact pixels excluded from quantitative regions.,Median object-level metric; no detector or final preprocessing selection.
GRADIENT_MAGNITUDE,median_cnr_like_robust,0.15870648,Q4_largest,ALL,ALL,228,,Analysis-only representation; artifact pixels excluded from quantitative regions.,Median object-level metric; no detector or final preprocessing selection.
GRADIENT_MAGNITUDE,median_background_std,3.3516422,Q4_largest,ALL,ALL,228,0.28463714,Analysis-only representation; artifact pixels excluded from quantitative regions.,Median object-level metric; no detector or final preprocessing selection.
GRADIENT_MAGNITUDE,median_background_iqr,4.1102897,Q4_largest,ALL,ALL,228,0.25689311,Analysis-only representation; artifact pixels excluded from quantitative regions.,Median object-level metric; no detector or final preprocessing selection.
GRADIENT_MAGNITUDE,median_saturation_fraction,0.0055196041,Q4_largest,ALL,ALL,228,,Analysis-only representation; artifact pixels excluded from quantitative regions.,Median object-level metric; no detector or final preprocessing selection.
GRADIENT_MAGNITUDE,median_absolute_median_difference,1.2444143,ALL,1호기(2020.09.22),ALL,404,,Analysis-only representation; artifact pixels excluded from quantitative regions.,Median object-level metric; no detector or final preprocessing selection.
GRADIENT_MAGNITUDE,median_cnr_like_robust,0.54331599,ALL,1호기(2020.09.22),ALL,404,,Analysis-only representation; artifact pixels excluded from quantitative regions.,Median object-level metric; no detector or final preprocessing selection.
GRADIENT_MAGNITUDE,median_background_std,2.5206336,ALL,1호기(2020.09.22),ALL,404,0.22786419,Analysis-only representation; artifact pixels excluded from quantitative regions.,Median object-level metric; no detector or final preprocessing selection.
GRADIENT_MAGNITUDE,median_background_iqr,3.4059176,ALL,1호기(2020.09.22),ALL,404,0.26199366,Analysis-only representation; artifact pixels excluded from quantitative regions.,Median object-level metric; no detector or final preprocessing selection.
GRADIENT_MAGNITUDE,median_saturation_fraction,0.027248159,ALL,1호기(2020.09.22),ALL,404,,Analysis-only representation; artifact pixels excluded from quantitative regions.,Median object-level metric; no detector or final preprocessing selection.
GRADIENT_MAGNITUDE,median_absolute_median_difference,0.78689516,ALL,2호기(2020.09.22),ALL,376,,Analysis-only representation; artifact pixels excluded from quantitative regions.,Median object-level metric; no detector or final preprocessing selection.
GRADIENT_MAGNITUDE,median_cnr_like_robust,0.34279719,ALL,2호기(2020.09.22),ALL,376,,Analysis-only representation; artifact pixels excluded from quantitative regions.,Median object-level metric; no detector or final preprocessing selection.
GRADIENT_MAGNITUDE,median_background_std,2.5879802,ALL,2호기(2020.09.22),ALL,376,0.22203781,Analysis-only representation; artifact pixels excluded from quantitative regions.,Median object-level metric; no detector or final preprocessing selection.
GRADIENT_MAGNITUDE,median_background_iqr,3.353226,ALL,2호기(2020.09.22),ALL,376,0.20957662,Analysis-only representation; artifact pixels excluded from quantitative regions.,Median object-level metric; no detector or final preprocessing selection.
GRADIENT_MAGNITUDE,median_saturation_fraction,0.021145391,ALL,2호기(2020.09.22),ALL,376,,Analysis-only representation; artifact pixels excluded from quantitative regions.,Median object-level metric; no detector or final preprocessing selection.
GRADIENT_MAGNITUDE,median_absolute_median_difference,0.47230743,ALL,3호기(2020.09.22),ALL,367,,Analysis-only representation; artifact pixels excluded from quantitative regions.,Median object-level metric; no detector or final preprocessing selection.
GRADIENT_MAGNITUDE,median_cnr_like_robust,0.16465584,ALL,3호기(2020.09.22),ALL,367,,Analysis-only representation; artifact pixels excluded from quantitative regions.,Median object-level metric; no detector or final preprocessing selection.
GRADIENT_MAGNITUDE,median_background_std,3.2121855,ALL,3호기(2020.09.22),ALL,367,0.30764278,Analysis-only representation; artifact pixels excluded from quantitative regions.,Median object-level metric; no detector or final preprocessing selection.
GRADIENT_MAGNITUDE,median_background_iqr,3.9683711,ALL,3호기(2020.09.22),ALL,367,0.30525932,Analysis-only representation; artifact pixels excluded from quantitative regions.,Median object-level metric; no detector or final preprocessing selection.
GRADIENT_MAGNITUDE,median_saturation_fraction,0.0043478261,ALL,3호기(2020.09.22),ALL,367,,Analysis-only representation; artifact pixels excluded from quantitative regions.,Median object-level metric; no detector or final preprocessing selection.
GRADIENT_MAGNITUDE,median_absolute_median_difference,0.79437599,ALL,ALL,316x332,408,,Analysis-only representation; artifact pixels excluded from quantitative regions.,Median object-level metric; no detector or final preprocessing selection.
GRADIENT_MAGNITUDE,median_cnr_like_robust,0.34593706,ALL,ALL,316x332,408,,Analysis-only representation; artifact pixels excluded from quantitative regions.,Median object-level metric; no detector or final preprocessing selection.
GRADIENT_MAGNITUDE,median_background_std,2.5879802,ALL,ALL,316x332,408,0.22166386,Analysis-only representation; artifact pixels excluded from quantitative regions.,Median object-level metric; no detector or final preprocessing selection.
GRADIENT_MAGNITUDE,median_background_iqr,3.3694209,ALL,ALL,316x332,408,0.217382,Analysis-only representation; artifact pixels excluded from quantitative regions.,Median object-level metric; no detector or final preprocessing selection.
GRADIENT_MAGNITUDE,median_saturation_fraction,0.021045561,ALL,ALL,316x332,408,,Analysis-only representation; artifact pixels excluded from quantitative regions.,Median object-level metric; no detector or final preprocessing selection.
GRADIENT_MAGNITUDE,median_absolute_median_difference,1.2832594,ALL,ALL,352x332,372,,Analysis-only representation; artifact pixels excluded from quantitative regions.,Median object-level metric; no detector or final preprocessing selection.
GRADIENT_MAGNITUDE,median_cnr_like_robust,0.57558733,ALL,ALL,352x332,372,,Analysis-only representation; artifact pixels excluded from quantitative regions.,Median object-level metric; no detector or final preprocessing selection.
GRADIENT_MAGNITUDE,median_background_std,2.499114,ALL,ALL,352x332,372,0.22776221,Analysis-only representation; artifact pixels excluded from quantitative regions.,Median object-level metric; no detector or final preprocessing selection.
GRADIENT_MAGNITUDE,median_background_iqr,3.381966,ALL,ALL,352x332,372,0.26015123,Analysis-only representation; artifact pixels excluded from quantitative regions.,Median object-level metric; no detector or final preprocessing selection.
GRADIENT_MAGNITUDE,median_saturation_fraction,0.02739726,ALL,ALL,352x332,372,,Analysis-only representation; artifact pixels excluded from quantitative regions.,Median object-level metric; no detector or final preprocessing selection.
GRADIENT_MAGNITUDE,median_absolute_median_difference,0.47230743,ALL,ALL,576x444,367,,Analysis-only representation; artifact pixels excluded from quantitative regions.,Median object-level metric; no detector or final preprocessing selection.
GRADIENT_MAGNITUDE,median_cnr_like_robust,0.16465584,ALL,ALL,576x444,367,,Analysis-only representation; artifact pixels excluded from quantitative regions.,Median object-level metric; no detector or final preprocessing selection.
GRADIENT_MAGNITUDE,median_background_std,3.2121855,ALL,ALL,576x444,367,0.30764278,Analysis-only representation; artifact pixels excluded from quantitative regions.,Median object-level metric; no detector or final preprocessing selection.
GRADIENT_MAGNITUDE,median_background_iqr,3.9683711,ALL,ALL,576x444,367,0.30525932,Analysis-only representation; artifact pixels excluded from quantitative regions.,Median object-level metric; no detector or final preprocessing selection.
GRADIENT_MAGNITUDE,median_saturation_fraction,0.0043478261,ALL,ALL,576x444,367,,Analysis-only representation; artifact pixels excluded from quantitative regions.,Median object-level metric; no detector or final preprocessing selection.
