grouping_rule,n_folds,fold_id,condition,threshold_definition,total_objects,fold_object_count,fold_fraction_of_condition,zero_coverage,sparse_coverage_lt5,notes
6s,5,1,small + low_contrast,small=8; low_contrast=4; Stage 1B exploratory quartiles,101,26,0.25742574,FALSE,FALSE,Coverage only; exploratory bins are not permanent difficulty thresholds.
6s,5,2,small + low_contrast,small=8; low_contrast=4; Stage 1B exploratory quartiles,101,13,0.12871287,FALSE,FALSE,Coverage only; exploratory bins are not permanent difficulty thresholds.
6s,5,3,small + low_contrast,small=8; low_contrast=4; Stage 1B exploratory quartiles,101,22,0.21782178,FALSE,FALSE,Coverage only; exploratory bins are not permanent difficulty thresholds.
6s,5,4,small + low_contrast,small=8; low_contrast=4; Stage 1B exploratory quartiles,101,19,0.18811881,FALSE,FALSE,Coverage only; exploratory bins are not permanent difficulty thresholds.
6s,5,5,small + low_contrast,small=8; low_contrast=4; Stage 1B exploratory quartiles,101,21,0.20792079,FALSE,FALSE,Coverage only; exploratory bins are not permanent difficulty thresholds.
6s,5,1,small + near_image_edge,small=8; near_image_edge=127; Stage 1B exploratory quartiles,104,21,0.20192308,FALSE,FALSE,Coverage only; exploratory bins are not permanent difficulty thresholds.
6s,5,2,small + near_image_edge,small=8; near_image_edge=127; Stage 1B exploratory quartiles,104,19,0.18269231,FALSE,FALSE,Coverage only; exploratory bins are not permanent difficulty thresholds.
6s,5,3,small + near_image_edge,small=8; near_image_edge=127; Stage 1B exploratory quartiles,104,17,0.16346154,FALSE,FALSE,Coverage only; exploratory bins are not permanent difficulty thresholds.
6s,5,4,small + near_image_edge,small=8; near_image_edge=127; Stage 1B exploratory quartiles,104,23,0.22115385,FALSE,FALSE,Coverage only; exploratory bins are not permanent difficulty thresholds.
6s,5,5,small + near_image_edge,small=8; near_image_edge=127; Stage 1B exploratory quartiles,104,24,0.23076923,FALSE,FALSE,Coverage only; exploratory bins are not permanent difficulty thresholds.
6s,5,1,small + complex_background,small=8; complex_background=5.3050633; Stage 1B exploratory quartiles,12,1,0.083333333,FALSE,TRUE,Coverage only; exploratory bins are not permanent difficulty thresholds.
6s,5,2,small + complex_background,small=8; complex_background=5.3050633; Stage 1B exploratory quartiles,12,4,0.33333333,FALSE,TRUE,Coverage only; exploratory bins are not permanent difficulty thresholds.
6s,5,3,small + complex_background,small=8; complex_background=5.3050633; Stage 1B exploratory quartiles,12,0,0,TRUE,TRUE,Coverage only; exploratory bins are not permanent difficulty thresholds.
6s,5,4,small + complex_background,small=8; complex_background=5.3050633; Stage 1B exploratory quartiles,12,2,0.16666667,FALSE,TRUE,Coverage only; exploratory bins are not permanent difficulty thresholds.
6s,5,5,small + complex_background,small=8; complex_background=5.3050633; Stage 1B exploratory quartiles,12,5,0.41666667,FALSE,FALSE,Coverage only; exploratory bins are not permanent difficulty thresholds.
6s,5,1,low_contrast + complex_background,low_contrast=4; complex_background=5.3050633; Stage 1B exploratory quartiles,64,10,0.15625,FALSE,FALSE,Coverage only; exploratory bins are not permanent difficulty thresholds.
6s,5,2,low_contrast + complex_background,low_contrast=4; complex_background=5.3050633; Stage 1B exploratory quartiles,64,12,0.1875,FALSE,FALSE,Coverage only; exploratory bins are not permanent difficulty thresholds.
6s,5,3,low_contrast + complex_background,low_contrast=4; complex_background=5.3050633; Stage 1B exploratory quartiles,64,17,0.265625,FALSE,FALSE,Coverage only; exploratory bins are not permanent difficulty thresholds.
6s,5,4,low_contrast + complex_background,low_contrast=4; complex_background=5.3050633; Stage 1B exploratory quartiles,64,15,0.234375,FALSE,FALSE,Coverage only; exploratory bins are not permanent difficulty thresholds.
6s,5,5,low_contrast + complex_background,low_contrast=4; complex_background=5.3050633; Stage 1B exploratory quartiles,64,10,0.15625,FALSE,FALSE,Coverage only; exploratory bins are not permanent difficulty thresholds.
6s,5,1,low_cnr + high_heterogeneity,low_cnr=0.51797428; high_heterogeneity=14.25; Stage 1B exploratory quartiles,47,10,0.21276596,FALSE,FALSE,Coverage only; exploratory bins are not permanent difficulty thresholds.
6s,5,2,low_cnr + high_heterogeneity,low_cnr=0.51797428; high_heterogeneity=14.25; Stage 1B exploratory quartiles,47,13,0.27659574,FALSE,FALSE,Coverage only; exploratory bins are not permanent difficulty thresholds.
6s,5,3,low_cnr + high_heterogeneity,low_cnr=0.51797428; high_heterogeneity=14.25; Stage 1B exploratory quartiles,47,7,0.14893617,FALSE,FALSE,Coverage only; exploratory bins are not permanent difficulty thresholds.
6s,5,4,low_cnr + high_heterogeneity,low_cnr=0.51797428; high_heterogeneity=14.25; Stage 1B exploratory quartiles,47,8,0.17021277,FALSE,FALSE,Coverage only; exploratory bins are not permanent difficulty thresholds.
6s,5,5,low_cnr + high_heterogeneity,low_cnr=0.51797428; high_heterogeneity=14.25; Stage 1B exploratory quartiles,47,9,0.19148936,FALSE,FALSE,Coverage only; exploratory bins are not permanent difficulty thresholds.
6s,5,1,near_product_edge + low_contrast,near_product_edge=43.613332; low_contrast=4; Stage 1B exploratory quartiles,64,13,0.203125,FALSE,FALSE,Coverage only; exploratory bins are not permanent difficulty thresholds.
6s,5,2,near_product_edge + low_contrast,near_product_edge=43.613332; low_contrast=4; Stage 1B exploratory quartiles,64,5,0.078125,FALSE,FALSE,Coverage only; exploratory bins are not permanent difficulty thresholds.
6s,5,3,near_product_edge + low_contrast,near_product_edge=43.613332; low_contrast=4; Stage 1B exploratory quartiles,64,17,0.265625,FALSE,FALSE,Coverage only; exploratory bins are not permanent difficulty thresholds.
6s,5,4,near_product_edge + low_contrast,near_product_edge=43.613332; low_contrast=4; Stage 1B exploratory quartiles,64,17,0.265625,FALSE,FALSE,Coverage only; exploratory bins are not permanent difficulty thresholds.
6s,5,5,near_product_edge + low_contrast,near_product_edge=43.613332; low_contrast=4; Stage 1B exploratory quartiles,64,12,0.1875,FALSE,FALSE,Coverage only; exploratory bins are not permanent difficulty thresholds.
6s,4,1,small + low_contrast,small=8; low_contrast=4; Stage 1B exploratory quartiles,101,20,0.1980198,FALSE,FALSE,Coverage only; exploratory bins are not permanent difficulty thresholds.
6s,4,2,small + low_contrast,small=8; low_contrast=4; Stage 1B exploratory quartiles,101,26,0.25742574,FALSE,FALSE,Coverage only; exploratory bins are not permanent difficulty thresholds.
6s,4,3,small + low_contrast,small=8; low_contrast=4; Stage 1B exploratory quartiles,101,30,0.2970297,FALSE,FALSE,Coverage only; exploratory bins are not permanent difficulty thresholds.
6s,4,4,small + low_contrast,small=8; low_contrast=4; Stage 1B exploratory quartiles,101,25,0.24752475,FALSE,FALSE,Coverage only; exploratory bins are not permanent difficulty thresholds.
6s,4,1,small + near_image_edge,small=8; near_image_edge=127; Stage 1B exploratory quartiles,104,21,0.20192308,FALSE,FALSE,Coverage only; exploratory bins are not permanent difficulty thresholds.
6s,4,2,small + near_image_edge,small=8; near_image_edge=127; Stage 1B exploratory quartiles,104,21,0.20192308,FALSE,FALSE,Coverage only; exploratory bins are not permanent difficulty thresholds.
6s,4,3,small + near_image_edge,small=8; near_image_edge=127; Stage 1B exploratory quartiles,104,31,0.29807692,FALSE,FALSE,Coverage only; exploratory bins are not permanent difficulty thresholds.
6s,4,4,small + near_image_edge,small=8; near_image_edge=127; Stage 1B exploratory quartiles,104,31,0.29807692,FALSE,FALSE,Coverage only; exploratory bins are not permanent difficulty thresholds.
6s,4,1,small + complex_background,small=8; complex_background=5.3050633; Stage 1B exploratory quartiles,12,3,0.25,FALSE,TRUE,Coverage only; exploratory bins are not permanent difficulty thresholds.
6s,4,2,small + complex_background,small=8; complex_background=5.3050633; Stage 1B exploratory quartiles,12,2,0.16666667,FALSE,TRUE,Coverage only; exploratory bins are not permanent difficulty thresholds.
6s,4,3,small + complex_background,small=8; complex_background=5.3050633; Stage 1B exploratory quartiles,12,6,0.5,FALSE,FALSE,Coverage only; exploratory bins are not permanent difficulty thresholds.
6s,4,4,small + complex_background,small=8; complex_background=5.3050633; Stage 1B exploratory quartiles,12,1,0.083333333,FALSE,TRUE,Coverage only; exploratory bins are not permanent difficulty thresholds.
6s,4,1,low_contrast + complex_background,low_contrast=4; complex_background=5.3050633; Stage 1B exploratory quartiles,64,14,0.21875,FALSE,FALSE,Coverage only; exploratory bins are not permanent difficulty thresholds.
6s,4,2,low_contrast + complex_background,low_contrast=4; complex_background=5.3050633; Stage 1B exploratory quartiles,64,17,0.265625,FALSE,FALSE,Coverage only; exploratory bins are not permanent difficulty thresholds.
6s,4,3,low_contrast + complex_background,low_contrast=4; complex_background=5.3050633; Stage 1B exploratory quartiles,64,19,0.296875,FALSE,FALSE,Coverage only; exploratory bins are not permanent difficulty thresholds.
6s,4,4,low_contrast + complex_background,low_contrast=4; complex_background=5.3050633; Stage 1B exploratory quartiles,64,14,0.21875,FALSE,FALSE,Coverage only; exploratory bins are not permanent difficulty thresholds.
6s,4,1,low_cnr + high_heterogeneity,low_cnr=0.51797428; high_heterogeneity=14.25; Stage 1B exploratory quartiles,47,15,0.31914894,FALSE,FALSE,Coverage only; exploratory bins are not permanent difficulty thresholds.
6s,4,2,low_cnr + high_heterogeneity,low_cnr=0.51797428; high_heterogeneity=14.25; Stage 1B exploratory quartiles,47,10,0.21276596,FALSE,FALSE,Coverage only; exploratory bins are not permanent difficulty thresholds.
6s,4,3,low_cnr + high_heterogeneity,low_cnr=0.51797428; high_heterogeneity=14.25; Stage 1B exploratory quartiles,47,15,0.31914894,FALSE,FALSE,Coverage only; exploratory bins are not permanent difficulty thresholds.
6s,4,4,low_cnr + high_heterogeneity,low_cnr=0.51797428; high_heterogeneity=14.25; Stage 1B exploratory quartiles,47,7,0.14893617,FALSE,FALSE,Coverage only; exploratory bins are not permanent difficulty thresholds.
6s,4,1,near_product_edge + low_contrast,near_product_edge=43.613332; low_contrast=4; Stage 1B exploratory quartiles,64,14,0.21875,FALSE,FALSE,Coverage only; exploratory bins are not permanent difficulty thresholds.
6s,4,2,near_product_edge + low_contrast,near_product_edge=43.613332; low_contrast=4; Stage 1B exploratory quartiles,64,10,0.15625,FALSE,FALSE,Coverage only; exploratory bins are not permanent difficulty thresholds.
6s,4,3,near_product_edge + low_contrast,near_product_edge=43.613332; low_contrast=4; Stage 1B exploratory quartiles,64,20,0.3125,FALSE,FALSE,Coverage only; exploratory bins are not permanent difficulty thresholds.
6s,4,4,near_product_edge + low_contrast,near_product_edge=43.613332; low_contrast=4; Stage 1B exploratory quartiles,64,20,0.3125,FALSE,FALSE,Coverage only; exploratory bins are not permanent difficulty thresholds.
6s,3,1,small + low_contrast,small=8; low_contrast=4; Stage 1B exploratory quartiles,101,39,0.38613861,FALSE,FALSE,Coverage only; exploratory bins are not permanent difficulty thresholds.
6s,3,2,small + low_contrast,small=8; low_contrast=4; Stage 1B exploratory quartiles,101,33,0.32673267,FALSE,FALSE,Coverage only; exploratory bins are not permanent difficulty thresholds.
6s,3,3,small + low_contrast,small=8; low_contrast=4; Stage 1B exploratory quartiles,101,29,0.28712871,FALSE,FALSE,Coverage only; exploratory bins are not permanent difficulty thresholds.
6s,3,1,small + near_image_edge,small=8; near_image_edge=127; Stage 1B exploratory quartiles,104,38,0.36538462,FALSE,FALSE,Coverage only; exploratory bins are not permanent difficulty thresholds.
6s,3,2,small + near_image_edge,small=8; near_image_edge=127; Stage 1B exploratory quartiles,104,34,0.32692308,FALSE,FALSE,Coverage only; exploratory bins are not permanent difficulty thresholds.
6s,3,3,small + near_image_edge,small=8; near_image_edge=127; Stage 1B exploratory quartiles,104,32,0.30769231,FALSE,FALSE,Coverage only; exploratory bins are not permanent difficulty thresholds.
6s,3,1,small + complex_background,small=8; complex_background=5.3050633; Stage 1B exploratory quartiles,12,6,0.5,FALSE,FALSE,Coverage only; exploratory bins are not permanent difficulty thresholds.
6s,3,2,small + complex_background,small=8; complex_background=5.3050633; Stage 1B exploratory quartiles,12,2,0.16666667,FALSE,TRUE,Coverage only; exploratory bins are not permanent difficulty thresholds.
6s,3,3,small + complex_background,small=8; complex_background=5.3050633; Stage 1B exploratory quartiles,12,4,0.33333333,FALSE,TRUE,Coverage only; exploratory bins are not permanent difficulty thresholds.
6s,3,1,low_contrast + complex_background,low_contrast=4; complex_background=5.3050633; Stage 1B exploratory quartiles,64,24,0.375,FALSE,FALSE,Coverage only; exploratory bins are not permanent difficulty thresholds.
6s,3,2,low_contrast + complex_background,low_contrast=4; complex_background=5.3050633; Stage 1B exploratory quartiles,64,19,0.296875,FALSE,FALSE,Coverage only; exploratory bins are not permanent difficulty thresholds.
6s,3,3,low_contrast + complex_background,low_contrast=4; complex_background=5.3050633; Stage 1B exploratory quartiles,64,21,0.328125,FALSE,FALSE,Coverage only; exploratory bins are not permanent difficulty thresholds.
6s,3,1,low_cnr + high_heterogeneity,low_cnr=0.51797428; high_heterogeneity=14.25; Stage 1B exploratory quartiles,47,19,0.40425532,FALSE,FALSE,Coverage only; exploratory bins are not permanent difficulty thresholds.
6s,3,2,low_cnr + high_heterogeneity,low_cnr=0.51797428; high_heterogeneity=14.25; Stage 1B exploratory quartiles,47,16,0.34042553,FALSE,FALSE,Coverage only; exploratory bins are not permanent difficulty thresholds.
6s,3,3,low_cnr + high_heterogeneity,low_cnr=0.51797428; high_heterogeneity=14.25; Stage 1B exploratory quartiles,47,12,0.25531915,FALSE,FALSE,Coverage only; exploratory bins are not permanent difficulty thresholds.
6s,3,1,near_product_edge + low_contrast,near_product_edge=43.613332; low_contrast=4; Stage 1B exploratory quartiles,64,22,0.34375,FALSE,FALSE,Coverage only; exploratory bins are not permanent difficulty thresholds.
6s,3,2,near_product_edge + low_contrast,near_product_edge=43.613332; low_contrast=4; Stage 1B exploratory quartiles,64,19,0.296875,FALSE,FALSE,Coverage only; exploratory bins are not permanent difficulty thresholds.
6s,3,3,near_product_edge + low_contrast,near_product_edge=43.613332; low_contrast=4; Stage 1B exploratory quartiles,64,23,0.359375,FALSE,FALSE,Coverage only; exploratory bins are not permanent difficulty thresholds.
10s,5,1,small + low_contrast,small=8; low_contrast=4; Stage 1B exploratory quartiles,101,25,0.24752475,FALSE,FALSE,Coverage only; exploratory bins are not permanent difficulty thresholds.
10s,5,2,small + low_contrast,small=8; low_contrast=4; Stage 1B exploratory quartiles,101,19,0.18811881,FALSE,FALSE,Coverage only; exploratory bins are not permanent difficulty thresholds.
10s,5,3,small + low_contrast,small=8; low_contrast=4; Stage 1B exploratory quartiles,101,14,0.13861386,FALSE,FALSE,Coverage only; exploratory bins are not permanent difficulty thresholds.
10s,5,4,small + low_contrast,small=8; low_contrast=4; Stage 1B exploratory quartiles,101,21,0.20792079,FALSE,FALSE,Coverage only; exploratory bins are not permanent difficulty thresholds.
10s,5,5,small + low_contrast,small=8; low_contrast=4; Stage 1B exploratory quartiles,101,22,0.21782178,FALSE,FALSE,Coverage only; exploratory bins are not permanent difficulty thresholds.
10s,5,1,small + near_image_edge,small=8; near_image_edge=127; Stage 1B exploratory quartiles,104,22,0.21153846,FALSE,FALSE,Coverage only; exploratory bins are not permanent difficulty thresholds.
10s,5,2,small + near_image_edge,small=8; near_image_edge=127; Stage 1B exploratory quartiles,104,21,0.20192308,FALSE,FALSE,Coverage only; exploratory bins are not permanent difficulty thresholds.
10s,5,3,small + near_image_edge,small=8; near_image_edge=127; Stage 1B exploratory quartiles,104,15,0.14423077,FALSE,FALSE,Coverage only; exploratory bins are not permanent difficulty thresholds.
10s,5,4,small + near_image_edge,small=8; near_image_edge=127; Stage 1B exploratory quartiles,104,23,0.22115385,FALSE,FALSE,Coverage only; exploratory bins are not permanent difficulty thresholds.
10s,5,5,small + near_image_edge,small=8; near_image_edge=127; Stage 1B exploratory quartiles,104,23,0.22115385,FALSE,FALSE,Coverage only; exploratory bins are not permanent difficulty thresholds.
10s,5,1,small + complex_background,small=8; complex_background=5.3050633; Stage 1B exploratory quartiles,12,1,0.083333333,FALSE,TRUE,Coverage only; exploratory bins are not permanent difficulty thresholds.
10s,5,2,small + complex_background,small=8; complex_background=5.3050633; Stage 1B exploratory quartiles,12,3,0.25,FALSE,TRUE,Coverage only; exploratory bins are not permanent difficulty thresholds.
10s,5,3,small + complex_background,small=8; complex_background=5.3050633; Stage 1B exploratory quartiles,12,1,0.083333333,FALSE,TRUE,Coverage only; exploratory bins are not permanent difficulty thresholds.
10s,5,4,small + complex_background,small=8; complex_background=5.3050633; Stage 1B exploratory quartiles,12,3,0.25,FALSE,TRUE,Coverage only; exploratory bins are not permanent difficulty thresholds.
10s,5,5,small + complex_background,small=8; complex_background=5.3050633; Stage 1B exploratory quartiles,12,4,0.33333333,FALSE,TRUE,Coverage only; exploratory bins are not permanent difficulty thresholds.
10s,5,1,low_contrast + complex_background,low_contrast=4; complex_background=5.3050633; Stage 1B exploratory quartiles,64,13,0.203125,FALSE,FALSE,Coverage only; exploratory bins are not permanent difficulty thresholds.
10s,5,2,low_contrast + complex_background,low_contrast=4; complex_background=5.3050633; Stage 1B exploratory quartiles,64,9,0.140625,FALSE,FALSE,Coverage only; exploratory bins are not permanent difficulty thresholds.
10s,5,3,low_contrast + complex_background,low_contrast=4; complex_background=5.3050633; Stage 1B exploratory quartiles,64,15,0.234375,FALSE,FALSE,Coverage only; exploratory bins are not permanent difficulty thresholds.
10s,5,4,low_contrast + complex_background,low_contrast=4; complex_background=5.3050633; Stage 1B exploratory quartiles,64,12,0.1875,FALSE,FALSE,Coverage only; exploratory bins are not permanent difficulty thresholds.
10s,5,5,low_contrast + complex_background,low_contrast=4; complex_background=5.3050633; Stage 1B exploratory quartiles,64,15,0.234375,FALSE,FALSE,Coverage only; exploratory bins are not permanent difficulty thresholds.
10s,5,1,low_cnr + high_heterogeneity,low_cnr=0.51797428; high_heterogeneity=14.25; Stage 1B exploratory quartiles,47,8,0.17021277,FALSE,FALSE,Coverage only; exploratory bins are not permanent difficulty thresholds.
10s,5,2,low_cnr + high_heterogeneity,low_cnr=0.51797428; high_heterogeneity=14.25; Stage 1B exploratory quartiles,47,12,0.25531915,FALSE,FALSE,Coverage only; exploratory bins are not permanent difficulty thresholds.
10s,5,3,low_cnr + high_heterogeneity,low_cnr=0.51797428; high_heterogeneity=14.25; Stage 1B exploratory quartiles,47,8,0.17021277,FALSE,FALSE,Coverage only; exploratory bins are not permanent difficulty thresholds.
10s,5,4,low_cnr + high_heterogeneity,low_cnr=0.51797428; high_heterogeneity=14.25; Stage 1B exploratory quartiles,47,11,0.23404255,FALSE,FALSE,Coverage only; exploratory bins are not permanent difficulty thresholds.
10s,5,5,low_cnr + high_heterogeneity,low_cnr=0.51797428; high_heterogeneity=14.25; Stage 1B exploratory quartiles,47,8,0.17021277,FALSE,FALSE,Coverage only; exploratory bins are not permanent difficulty thresholds.
10s,5,1,near_product_edge + low_contrast,near_product_edge=43.613332; low_contrast=4; Stage 1B exploratory quartiles,64,13,0.203125,FALSE,FALSE,Coverage only; exploratory bins are not permanent difficulty thresholds.
10s,5,2,near_product_edge + low_contrast,near_product_edge=43.613332; low_contrast=4; Stage 1B exploratory quartiles,64,9,0.140625,FALSE,FALSE,Coverage only; exploratory bins are not permanent difficulty thresholds.
10s,5,3,near_product_edge + low_contrast,near_product_edge=43.613332; low_contrast=4; Stage 1B exploratory quartiles,64,13,0.203125,FALSE,FALSE,Coverage only; exploratory bins are not permanent difficulty thresholds.
10s,5,4,near_product_edge + low_contrast,near_product_edge=43.613332; low_contrast=4; Stage 1B exploratory quartiles,64,15,0.234375,FALSE,FALSE,Coverage only; exploratory bins are not permanent difficulty thresholds.
10s,5,5,near_product_edge + low_contrast,near_product_edge=43.613332; low_contrast=4; Stage 1B exploratory quartiles,64,14,0.21875,FALSE,FALSE,Coverage only; exploratory bins are not permanent difficulty thresholds.
10s,4,1,small + low_contrast,small=8; low_contrast=4; Stage 1B exploratory quartiles,101,29,0.28712871,FALSE,FALSE,Coverage only; exploratory bins are not permanent difficulty thresholds.
10s,4,2,small + low_contrast,small=8; low_contrast=4; Stage 1B exploratory quartiles,101,25,0.24752475,FALSE,FALSE,Coverage only; exploratory bins are not permanent difficulty thresholds.
10s,4,3,small + low_contrast,small=8; low_contrast=4; Stage 1B exploratory quartiles,101,25,0.24752475,FALSE,FALSE,Coverage only; exploratory bins are not permanent difficulty thresholds.
10s,4,4,small + low_contrast,small=8; low_contrast=4; Stage 1B exploratory quartiles,101,22,0.21782178,FALSE,FALSE,Coverage only; exploratory bins are not permanent difficulty thresholds.
10s,4,1,small + near_image_edge,small=8; near_image_edge=127; Stage 1B exploratory quartiles,104,25,0.24038462,FALSE,FALSE,Coverage only; exploratory bins are not permanent difficulty thresholds.
10s,4,2,small + near_image_edge,small=8; near_image_edge=127; Stage 1B exploratory quartiles,104,20,0.19230769,FALSE,FALSE,Coverage only; exploratory bins are not permanent difficulty thresholds.
10s,4,3,small + near_image_edge,small=8; near_image_edge=127; Stage 1B exploratory quartiles,104,31,0.29807692,FALSE,FALSE,Coverage only; exploratory bins are not permanent difficulty thresholds.
10s,4,4,small + near_image_edge,small=8; near_image_edge=127; Stage 1B exploratory quartiles,104,28,0.26923077,FALSE,FALSE,Coverage only; exploratory bins are not permanent difficulty thresholds.
10s,4,1,small + complex_background,small=8; complex_background=5.3050633; Stage 1B exploratory quartiles,12,2,0.16666667,FALSE,TRUE,Coverage only; exploratory bins are not permanent difficulty thresholds.
10s,4,2,small + complex_background,small=8; complex_background=5.3050633; Stage 1B exploratory quartiles,12,3,0.25,FALSE,TRUE,Coverage only; exploratory bins are not permanent difficulty thresholds.
10s,4,3,small + complex_background,small=8; complex_background=5.3050633; Stage 1B exploratory quartiles,12,2,0.16666667,FALSE,TRUE,Coverage only; exploratory bins are not permanent difficulty thresholds.
10s,4,4,small + complex_background,small=8; complex_background=5.3050633; Stage 1B exploratory quartiles,12,5,0.41666667,FALSE,FALSE,Coverage only; exploratory bins are not permanent difficulty thresholds.
10s,4,1,low_contrast + complex_background,low_contrast=4; complex_background=5.3050633; Stage 1B exploratory quartiles,64,18,0.28125,FALSE,FALSE,Coverage only; exploratory bins are not permanent difficulty thresholds.
10s,4,2,low_contrast + complex_background,low_contrast=4; complex_background=5.3050633; Stage 1B exploratory quartiles,64,13,0.203125,FALSE,FALSE,Coverage only; exploratory bins are not permanent difficulty thresholds.
10s,4,3,low_contrast + complex_background,low_contrast=4; complex_background=5.3050633; Stage 1B exploratory quartiles,64,15,0.234375,FALSE,FALSE,Coverage only; exploratory bins are not permanent difficulty thresholds.
10s,4,4,low_contrast + complex_background,low_contrast=4; complex_background=5.3050633; Stage 1B exploratory quartiles,64,18,0.28125,FALSE,FALSE,Coverage only; exploratory bins are not permanent difficulty thresholds.
10s,4,1,low_cnr + high_heterogeneity,low_cnr=0.51797428; high_heterogeneity=14.25; Stage 1B exploratory quartiles,47,9,0.19148936,FALSE,FALSE,Coverage only; exploratory bins are not permanent difficulty thresholds.
10s,4,2,low_cnr + high_heterogeneity,low_cnr=0.51797428; high_heterogeneity=14.25; Stage 1B exploratory quartiles,47,17,0.36170213,FALSE,FALSE,Coverage only; exploratory bins are not permanent difficulty thresholds.
10s,4,3,low_cnr + high_heterogeneity,low_cnr=0.51797428; high_heterogeneity=14.25; Stage 1B exploratory quartiles,47,9,0.19148936,FALSE,FALSE,Coverage only; exploratory bins are not permanent difficulty thresholds.
10s,4,4,low_cnr + high_heterogeneity,low_cnr=0.51797428; high_heterogeneity=14.25; Stage 1B exploratory quartiles,47,12,0.25531915,FALSE,FALSE,Coverage only; exploratory bins are not permanent difficulty thresholds.
10s,4,1,near_product_edge + low_contrast,near_product_edge=43.613332; low_contrast=4; Stage 1B exploratory quartiles,64,19,0.296875,FALSE,FALSE,Coverage only; exploratory bins are not permanent difficulty thresholds.
10s,4,2,near_product_edge + low_contrast,near_product_edge=43.613332; low_contrast=4; Stage 1B exploratory quartiles,64,16,0.25,FALSE,FALSE,Coverage only; exploratory bins are not permanent difficulty thresholds.
10s,4,3,near_product_edge + low_contrast,near_product_edge=43.613332; low_contrast=4; Stage 1B exploratory quartiles,64,11,0.171875,FALSE,FALSE,Coverage only; exploratory bins are not permanent difficulty thresholds.
10s,4,4,near_product_edge + low_contrast,near_product_edge=43.613332; low_contrast=4; Stage 1B exploratory quartiles,64,18,0.28125,FALSE,FALSE,Coverage only; exploratory bins are not permanent difficulty thresholds.
10s,3,1,small + low_contrast,small=8; low_contrast=4; Stage 1B exploratory quartiles,101,32,0.31683168,FALSE,FALSE,Coverage only; exploratory bins are not permanent difficulty thresholds.
10s,3,2,small + low_contrast,small=8; low_contrast=4; Stage 1B exploratory quartiles,101,29,0.28712871,FALSE,FALSE,Coverage only; exploratory bins are not permanent difficulty thresholds.
10s,3,3,small + low_contrast,small=8; low_contrast=4; Stage 1B exploratory quartiles,101,40,0.3960396,FALSE,FALSE,Coverage only; exploratory bins are not permanent difficulty thresholds.
10s,3,1,small + near_image_edge,small=8; near_image_edge=127; Stage 1B exploratory quartiles,104,39,0.375,FALSE,FALSE,Coverage only; exploratory bins are not permanent difficulty thresholds.
10s,3,2,small + near_image_edge,small=8; near_image_edge=127; Stage 1B exploratory quartiles,104,28,0.26923077,FALSE,FALSE,Coverage only; exploratory bins are not permanent difficulty thresholds.
10s,3,3,small + near_image_edge,small=8; near_image_edge=127; Stage 1B exploratory quartiles,104,37,0.35576923,FALSE,FALSE,Coverage only; exploratory bins are not permanent difficulty thresholds.
10s,3,1,small + complex_background,small=8; complex_background=5.3050633; Stage 1B exploratory quartiles,12,3,0.25,FALSE,TRUE,Coverage only; exploratory bins are not permanent difficulty thresholds.
10s,3,2,small + complex_background,small=8; complex_background=5.3050633; Stage 1B exploratory quartiles,12,4,0.33333333,FALSE,TRUE,Coverage only; exploratory bins are not permanent difficulty thresholds.
10s,3,3,small + complex_background,small=8; complex_background=5.3050633; Stage 1B exploratory quartiles,12,5,0.41666667,FALSE,FALSE,Coverage only; exploratory bins are not permanent difficulty thresholds.
10s,3,1,low_contrast + complex_background,low_contrast=4; complex_background=5.3050633; Stage 1B exploratory quartiles,64,18,0.28125,FALSE,FALSE,Coverage only; exploratory bins are not permanent difficulty thresholds.
10s,3,2,low_contrast + complex_background,low_contrast=4; complex_background=5.3050633; Stage 1B exploratory quartiles,64,22,0.34375,FALSE,FALSE,Coverage only; exploratory bins are not permanent difficulty thresholds.
10s,3,3,low_contrast + complex_background,low_contrast=4; complex_background=5.3050633; Stage 1B exploratory quartiles,64,24,0.375,FALSE,FALSE,Coverage only; exploratory bins are not permanent difficulty thresholds.
10s,3,1,low_cnr + high_heterogeneity,low_cnr=0.51797428; high_heterogeneity=14.25; Stage 1B exploratory quartiles,47,17,0.36170213,FALSE,FALSE,Coverage only; exploratory bins are not permanent difficulty thresholds.
10s,3,2,low_cnr + high_heterogeneity,low_cnr=0.51797428; high_heterogeneity=14.25; Stage 1B exploratory quartiles,47,15,0.31914894,FALSE,FALSE,Coverage only; exploratory bins are not permanent difficulty thresholds.
10s,3,3,low_cnr + high_heterogeneity,low_cnr=0.51797428; high_heterogeneity=14.25; Stage 1B exploratory quartiles,47,15,0.31914894,FALSE,FALSE,Coverage only; exploratory bins are not permanent difficulty thresholds.
10s,3,1,near_product_edge + low_contrast,near_product_edge=43.613332; low_contrast=4; Stage 1B exploratory quartiles,64,25,0.390625,FALSE,FALSE,Coverage only; exploratory bins are not permanent difficulty thresholds.
10s,3,2,near_product_edge + low_contrast,near_product_edge=43.613332; low_contrast=4; Stage 1B exploratory quartiles,64,16,0.25,FALSE,FALSE,Coverage only; exploratory bins are not permanent difficulty thresholds.
10s,3,3,near_product_edge + low_contrast,near_product_edge=43.613332; low_contrast=4; Stage 1B exploratory quartiles,64,23,0.359375,FALSE,FALSE,Coverage only; exploratory bins are not permanent difficulty thresholds.
