factor,feature,miss_high_risk_bin,miss_high_risk_range,miss_high_risk_n,miss_high_risk_fn,miss_low_risk_bin,miss_low_risk_range,miss_low_risk_n,miss_low_risk_fn,recall_gap_low_minus_high,fn_rate_gap_high_minus_low,fn_rate_gap_ci_low,fn_rate_gap_ci_high,miss_risk_ratio_corrected,miss_risk_ratio_ci_low,miss_risk_ratio_ci_high,miss_odds_ratio_corrected,localization_high_risk_bin,localization_high_risk_range,localization_high_risk_n,localization_high_risk_count,localization_low_risk_bin,localization_low_risk_range,localization_low_risk_n,localization_low_risk_count,localization_rate_gap_high_minus_low,localization_rate_gap_ci_low,localization_rate_gap_ci_high,localization_risk_ratio_corrected,localization_risk_ratio_ci_low,localization_risk_ratio_ci_high,spearman_with_prediction_confidence,spearman_with_matched_iou,bootstrap_unit,bootstrap_replicates,notes
SIZE,bbox_min_side_px,Q1,"(-inf,8]",295,15,Q2,"(8,10]",480,6,0.038347457627118664,0.03834745762711865,0.008428516450820723,0.0798690571384187,3.8749999999999996,1.4552056690451256,11.901016687917258,4.033868092691622,Q1,"(-inf,8]",295,11,Q4,"(11,inf]",228,1,0.03290217068093964,0.005189201445700222,0.07481795028529611,5.931306306306307,1.4425233002291828,31.979870202350373,-0.1045190638018198,0.08686688507982301,frozen 10-second/similarity final_group_component_id,2000,High/low bins are observed quartiles with max/min event rate. CIs are conditional on those selected bins; corrected ratios use 0.5 continuity correction.
SIZE,bbox_area_ratio,Q1,"(-inf,0.00060216466]",293,21,Q3,"(0.00076254385,0.00094364801]",297,2,0.06493834821479871,0.06493834821479873,0.032796536321324524,0.10336008141203162,8.717006802721087,3.4970363331975927,49.98762318840579,9.325871559633027,Q1,"(-inf,0.00060216466]",293,15,Q2,"(0.00060216466,0.00076254385]",284,0,0.051194539249146756,0.021503456221198158,0.08594423491379306,30.051020408163268,13.491549806576403,49.6519979885468,0.2770957624850642,0.16417659177685995,frozen 10-second/similarity final_group_component_id,2000,High/low bins are observed quartiles with max/min event rate. CIs are conditional on those selected bins; corrected ratios use 0.5 continuity correction.
POSITION,bbox_center_x_norm,Q4,"(0.61631944,inf]",283,13,Q1,"(-inf,0.53955696]",288,5,0.028575284648606147,0.028575284648606203,-0.007585618734885825,0.06658297315283655,2.4977592829705504,0.7664252211203431,11.109128643121556,2.572508822046715,Q4,"(0.61631944,inf]",283,8,Q1,"(-inf,0.53955696]",288,1,0.024796329014526892,0.000615973036434264,0.05539967857867839,5.766431924882629,1.1100257812297063,29.659063898210228,-0.23628680884002187,-0.06754161220596493,frozen 10-second/similarity final_group_component_id,2000,High/low bins are observed quartiles with max/min event rate. CIs are conditional on those selected bins; corrected ratios use 0.5 continuity correction.
POSITION,bbox_center_y_norm,Q1,"(-inf,0.43975904]",288,12,Q3,"(0.49849398,0.55630631]",287,4,0.027729384436701476,0.027729384436701508,0.0037218363135621893,0.05359995668457947,2.7681660899653977,1.1539425309597526,10.835583623693369,2.848101265822785,Q1,"(-inf,0.43975904]",288,7,Q3,"(0.49849398,0.55630631]",287,2,0.017336914440572976,0.0015815468946769346,0.036490416389252225,2.9896193771626294,1.112672922902678,17.696082613932944,0.026608598463582742,0.01096826059430108,frozen 10-second/similarity final_group_component_id,2000,High/low bins are observed quartiles with max/min event rate. CIs are conditional on those selected bins; corrected ratios use 0.5 continuity correction.
POSITION,image_edge_distance_norm,Q3,"(0.41455696,0.44620253]",293,12,Q4,"(0.44620253,inf]",279,5,0.023034484445912495,0.023034484445912388,-0.006825926187339232,0.05225386421637446,2.1645021645021645,0.7940962529837352,10.075710805003418,2.2162118520910705,Q1,"(-inf,0.37025316]",288,7,Q2,"(0.37025316,0.41455696]",287,1,0.020821234998064268,0.001975104688361404,0.04074250696892206,4.982698961937716,1.1651106462622483,23.653163265306123,0.04093656973516462,-0.0028224675981256267,frozen 10-second/similarity final_group_component_id,2000,High/low bins are observed quartiles with max/min event rate. CIs are conditional on those selected bins; corrected ratios use 0.5 continuity correction.
SHAPE,bbox_aspect_ratio,Q4,"(1.1111111,inf]",249,11,Q1,"(-inf,0.85714286]",288,7,0.01987115127175365,0.019871151271753682,-0.01828119583661808,0.0566911779844714,1.7725333333333333,0.611317621777654,9.616168553358843,1.8097833682739344,Q4,"(1.1111111,inf]",249,4,Q3,"(1,1.1111111]",173,1,0.0102839102073032,-0.009147789915136371,0.02978824540776981,2.088,0.42764067326200816,10.56830906447342,-0.024437350619878305,0.09399183957362163,frozen 10-second/similarity final_group_component_id,2000,High/low bins are observed quartiles with max/min event rate. CIs are conditional on those selected bins; corrected ratios use 0.5 continuity correction.
VISIBILITY_CONTRAST,signed_median_difference,Q4,"(-4,inf]",250,12,Q2,"(-11.5,-8]",281,4,0.03376512455516023,0.03376512455516015,0.0008126389363661022,0.07016207626957333,3.1208499335989375,1.0364455799674779,10.228103563262191,3.232005590496156,Q4,"(-4,inf]",250,10,Q1,"(-inf,-11.5]",296,0,0.04,0.012144524617996604,0.07692982456140347,24.84860557768924,8.355144331092049,46.33598242671974,-0.12439498006435963,-0.007829148740992258,frozen 10-second/similarity final_group_component_id,2000,High/low bins are observed quartiles with max/min event rate. CIs are conditional on those selected bins; corrected ratios use 0.5 continuity correction.
VISIBILITY_CONTRAST,absolute_median_difference,Q1,"(-inf,4]",307,12,Q3,"(8,11.5]",219,4,0.020823107700087773,0.020823107700087752,-0.010374758964161832,0.055691482452761204,1.9841269841269842,0.6486282192512476,7.61650165016501,2.0257567211881935,Q1,"(-inf,4]",307,11,Q4,"(11.5,inf]",286,0,0.035830618892508145,0.01090909090909091,0.06643435869266684,21.43181818181818,7.22800916988417,39.51250602046958,0.1201048504759858,0.002954668310007204,frozen 10-second/similarity final_group_component_id,2000,High/low bins are observed quartiles with max/min event rate. CIs are conditional on those selected bins; corrected ratios use 0.5 continuity correction.
VISIBILITY_CONTRAST,cnr_like_robust,Q1,"(-inf,0.51797428]",287,15,Q2,"(0.51797428,0.82437753]",287,4,0.0383275261324042,0.038327526132404185,0.006764476467100175,0.07298369265953343,3.4444444444444446,1.267572107286068,26.66184440559439,3.5834862385321107,Q1,"(-inf,0.51797428]",287,11,Q2,"(0.51797428,0.82437753]",287,1,0.03484320557491289,0.008140858178898484,0.06568003144654083,7.666666666666666,2.0257229759088493,34.666935483870965,0.13272152325838046,0.058479698979426065,frozen 10-second/similarity final_group_component_id,2000,High/low bins are observed quartiles with max/min event rate. CIs are conditional on those selected bins; corrected ratios use 0.5 continuity correction.
BACKGROUND_HETEROGENEITY,object_iqr,Q3,"(11,14.25]",238,10,Q1,"(-inf,8]",296,5,0.02512491483079715,0.025124914830797186,-0.0034907566735400864,0.0588195837373485,2.3723849372384938,0.8573862889869175,7.78951209365899,2.4354485776805253,Q2,"(8,11]",338,7,Q1,"(-inf,8]",296,2,0.013953302414840878,-0.0012390549425584027,0.031051792499991165,2.6283185840707963,0.8775126417983561,14.121086090686257,-0.06693499274575214,-0.015283257145398929,frozen 10-second/similarity final_group_component_id,2000,High/low bins are observed quartiles with max/min event rate. CIs are conditional on those selected bins; corrected ratios use 0.5 continuity correction.
BACKGROUND_HETEROGENEITY,background_gradient_mean,Q2,"(3.1107232,4.3536852]",287,15,Q1,"(-inf,3.1107232]",287,2,0.04529616724738672,0.04529616724738676,0.015011551429267352,0.0762728037262259,6.2,1.9237133315620043,37.60707943538372,6.495779816513762,Q3,"(4.3536852,5.3050633]",286,5,Q1,"(-inf,3.1107232]",287,2,0.010513876367534905,-0.007885616710344857,0.0311528686028964,2.2076655052264806,0.4479569211276529,15.75336543466944,-0.17599157975083266,-0.0054057409913581215,frozen 10-second/similarity final_group_component_id,2000,High/low bins are observed quartiles with max/min event rate. CIs are conditional on those selected bins; corrected ratios use 0.5 continuity correction.
BACKGROUND_HETEROGENEITY,background_iqr,Q3,"(13,19]",299,12,Q1,"(-inf,10.75]",291,3,0.029824500913698593,0.029824500913698586,0.005535013991786105,0.0568344908376223,3.4761904761904763,1.3132480887967277,21.74662109659556,3.5838509316770186,Q2,"(10.75,13]",286,7,Q4,"(19,inf]",271,1,0.020785487575155474,0.0021564904398242144,0.04298903454892512,4.7386759581881535,1.2069923482544127,22.932685341249243,0.04405949341200282,-0.1366934597149351,frozen 10-second/similarity final_group_component_id,2000,High/low bins are observed quartiles with max/min event rate. CIs are conditional on those selected bins; corrected ratios use 0.5 continuity correction.
PRODUCT_EDGE_PROXY,product_edge_distance_norm,Q1,"(-inf,0.084018282]",287,20,Q4,"(0.10315169,inf]",287,4,0.05574912891986061,0.05574912891986063,0.028775872188661466,0.08519260095091613,4.555555555555555,2.2239620190181335,14.822727272727246,4.828037383177571,Q1,"(-inf,0.084018282]",287,9,Q3,"(0.092943193,0.10315169]",285,1,0.02785011308759704,0.0069201601259807986,0.05652256781582137,6.289351851851852,1.9999496981891347,28.846648753545278,0.18612526128538323,0.05206775577484873,frozen 10-second/similarity final_group_component_id,2000,High/low bins are observed quartiles with max/min event rate. CIs are conditional on those selected bins; corrected ratios use 0.5 continuity correction.
