fusion_method,combination,members,nms_iou,confidence_threshold,iou_threshold,tp,fp,fn,precision,recall,f1,ap50,ap55,ap60,ap65,ap70,ap75,ap80,ap85,ap90,ap95,map50_95,ap_method,small_n,small_tp,small_fn,small_recall,low_contrast_n,low_contrast_tp,low_contrast_fn,low_contrast_recall,small_low_contrast_n,small_low_contrast_tp,small_low_contrast_fn,small_low_contrast_recall,LOCALIZATION_FAILURE,LOW_CONFIDENCE,NO_DETECTION
union_class_agnostic_nms,F1_B0,b0,0.5,0.25,0.5,281,9,9,0.9689655172413794,0.9689655172413794,0.9689655172413794,0.9539411565233422,0.9244711000534719,0.7955642526291112,0.545461447600617,0.3511244475026933,0.1705194544728298,0.05092191082441418,0.015312337802632059,0.0005594107797876562,0.0,0.38078755181888996,single-class 101-point interpolated AP from predictions retained at confidence floor,77,72,5,0.935064935064935,81,77,4,0.9506172839506173,29,25,4,0.8620689655172413,6,2,1
union_class_agnostic_nms,M3_ONLY,m3,0.5,0.25,0.5,281,9,9,0.9689655172413794,0.9689655172413794,0.9689655172413794,0.9413295014660634,0.8591046706272596,0.7117054980959155,0.5269400787997524,0.2983780787339557,0.15551893505142167,0.04346980565662915,0.007108403148007108,0.00020414412575278147,0.0,0.35437591157047577,single-class 101-point interpolated AP from predictions retained at confidence floor,77,72,5,0.935064935064935,81,75,6,0.9259259259259259,29,25,4,0.8620689655172413,8,0,1
union_class_agnostic_nms,P192_ONLY,p192,0.5,0.25,0.5,266,29,24,0.9016949152542373,0.9172413793103448,0.9094017094017094,0.8913327747513895,0.7968149507186915,0.6359047225586884,0.4463219784183445,0.21897299510068022,0.08625676066185399,0.017285428782755432,0.0020314909838014318,0.00029408881482207626,0.0,0.3095215190791027,single-class 101-point interpolated AP from predictions retained at confidence floor,77,72,5,0.935064935064935,81,76,5,0.9382716049382716,29,25,4,0.8620689655172413,12,11,1
union_class_agnostic_nms,F2_B0_M3,b0;m3,0.5,0.25,0.5,281,9,9,0.9689655172413794,0.9689655172413794,0.9689655172413794,0.9560613649713311,0.9132571495566575,0.7398065453326588,0.5446567655730701,0.32295229846258405,0.15274933888245112,0.048328896434530304,0.013345330057763132,0.0004204367805201573,0.0,0.3691578126051566,single-class 101-point interpolated AP from predictions retained at confidence floor,77,72,5,0.935064935064935,81,76,5,0.9382716049382716,29,25,4,0.8620689655172413,5,3,1
union_class_agnostic_nms,F3_B0_P192,b0;p192,0.5,0.25,0.5,282,17,8,0.9431438127090301,0.9724137931034482,0.9575551782682512,0.959462664506754,0.9308654894924158,0.8004528239207954,0.5473668867633178,0.35250854817691163,0.1705194544728298,0.05092191082441418,0.015312337802632059,0.0005594107797876562,0.0,0.38279695267398584,single-class 101-point interpolated AP from predictions retained at confidence floor,77,72,5,0.935064935064935,81,77,4,0.9506172839506173,29,25,4,0.8620689655172413,3,3,2
union_class_agnostic_nms,F4_B0_M3_P192,b0;m3;p192,0.5,0.25,0.5,282,17,8,0.9431438127090301,0.9724137931034482,0.9575551782682512,0.9584071793818325,0.9172762294419513,0.745153859251979,0.5408116215139771,0.3215887696358139,0.15274933888245112,0.048328896434530304,0.013345330057763132,0.0004204367805201573,0.0,0.3698081661380818,single-class 101-point interpolated AP from predictions retained at confidence floor,77,72,5,0.935064935064935,81,76,5,0.9382716049382716,29,25,4,0.8620689655172413,3,3,2
union_class_agnostic_nms,F1_B0,b0,0.6,0.25,0.5,281,9,9,0.9689655172413794,0.9689655172413794,0.9689655172413794,0.9567046317008805,0.9244711000534719,0.8050398136798298,0.5669695737383682,0.3634979349379121,0.17306733905812807,0.05092191082441418,0.015312337802632059,0.0005594107797876562,0.0,0.38565440525754247,single-class 101-point interpolated AP from predictions retained at confidence floor,77,72,5,0.935064935064935,81,77,4,0.9506172839506173,29,25,4,0.8620689655172413,5,3,1
union_class_agnostic_nms,M3_ONLY,m3,0.6,0.25,0.5,281,9,9,0.9689655172413794,0.9689655172413794,0.9689655172413794,0.9459985302418507,0.8591046706272596,0.7169459353717473,0.535905700299388,0.3053891498927067,0.15551893505142167,0.04346980565662915,0.007108403148007108,0.00020414412575278147,0.0,0.3569645274414763,single-class 101-point interpolated AP from predictions retained at confidence floor,77,72,5,0.935064935064935,81,75,6,0.9259259259259259,29,25,4,0.8620689655172413,7,1,1
union_class_agnostic_nms,P192_ONLY,p192,0.6,0.25,0.5,266,29,24,0.9016949152542373,0.9172413793103448,0.9094017094017094,0.8913327747513895,0.7968149507186915,0.6359047225586884,0.4463219784183445,0.21897299510068022,0.08625676066185399,0.017285428782755432,0.0020314909838014318,0.00029408881482207626,0.0,0.3095215190791027,single-class 101-point interpolated AP from predictions retained at confidence floor,77,72,5,0.935064935064935,81,76,5,0.9382716049382716,29,25,4,0.8620689655172413,12,11,1
union_class_agnostic_nms,F2_B0_M3,b0;m3,0.6,0.25,0.5,282,12,8,0.9591836734693877,0.9724137931034482,0.9657534246575341,0.9563801282241677,0.9207662945598278,0.7597021525009462,0.5705892073649518,0.3389385711847721,0.15539613821584983,0.048328896434530304,0.013345330057763132,0.0004204367805201573,0.0,0.37638671553233294,single-class 101-point interpolated AP from predictions retained at confidence floor,77,72,5,0.935064935064935,81,76,5,0.9382716049382716,29,25,4,0.8620689655172413,5,2,1
union_class_agnostic_nms,F3_B0_P192,b0;p192,0.6,0.25,0.5,282,32,8,0.8980891719745223,0.9724137931034482,0.9337748344370861,0.9616753278136171,0.9298663661425809,0.8136459662259979,0.571841639634013,0.3690185127558069,0.176153656728553,0.05159154300502354,0.015312337802632059,0.0005594107797876562,0.0,0.3889664760888012,single-class 101-point interpolated AP from predictions retained at confidence floor,77,72,5,0.935064935064935,81,77,4,0.9506172839506173,29,25,4,0.8620689655172413,3,3,2
union_class_agnostic_nms,F4_B0_M3_P192,b0;m3;p192,0.6,0.25,0.5,283,42,7,0.8707692307692307,0.9758620689655172,0.9203252032520324,0.9610326974154442,0.9227668974304193,0.7666871424988908,0.5704922283441421,0.34358002471847704,0.160484063885207,0.049259308624685486,0.013345330057763132,0.0004204367805201573,0.0,0.37880681297555496,single-class 101-point interpolated AP from predictions retained at confidence floor,77,73,4,0.948051948051948,81,76,5,0.9382716049382716,29,25,4,0.8620689655172413,2,3,2
union_class_agnostic_nms,F1_B0,b0,0.7,0.25,0.5,281,15,9,0.9493243243243243,0.9689655172413794,0.9590443686006827,0.9624960960340776,0.9370090175198063,0.814527999536165,0.5900477973667894,0.39528576469454557,0.18460457667813474,0.057723791231099,0.01604801508553063,0.0005594107797876562,0.0,0.39583024689259355,single-class 101-point interpolated AP from predictions retained at confidence floor,77,72,5,0.935064935064935,81,77,4,0.9506172839506173,29,25,4,0.8620689655172413,4,5,0
union_class_agnostic_nms,M3_ONLY,m3,0.7,0.25,0.5,281,15,9,0.9493243243243243,0.9689655172413794,0.9590443686006827,0.9498160644080718,0.8713214714077049,0.7280473748561288,0.5524431997498814,0.32422284374476384,0.16805401550870333,0.048195104710273474,0.007766640716916354,0.00020414412575278147,0.0,0.36500708592281966,single-class 101-point interpolated AP from predictions retained at confidence floor,77,72,5,0.935064935064935,81,75,6,0.9259259259259259,29,25,4,0.8620689655172413,5,3,1
union_class_agnostic_nms,P192_ONLY,p192,0.7,0.25,0.5,266,29,24,0.9016949152542373,0.9172413793103448,0.9094017094017094,0.8913327747513895,0.7968149507186915,0.6359047225586884,0.4463219784183445,0.21897299510068022,0.08625676066185399,0.017285428782755432,0.0020314909838014318,0.00029408881482207626,0.0,0.3095215190791027,single-class 101-point interpolated AP from predictions retained at confidence floor,77,72,5,0.935064935064935,81,76,5,0.9382716049382716,29,25,4,0.8620689655172413,12,11,1
union_class_agnostic_nms,F2_B0_M3,b0;m3,0.7,0.25,0.5,282,20,8,0.9337748344370861,0.9724137931034482,0.9527027027027026,0.9586612779236162,0.9203382489814672,0.7599692033617917,0.5769722990194579,0.36317655922035824,0.17202983733131388,0.05537344648495378,0.013959874270805125,0.0004204367805201573,0.0,0.38209011833742845,single-class 101-point interpolated AP from predictions retained at confidence floor,77,72,5,0.935064935064935,81,76,5,0.9382716049382716,29,25,4,0.8620689655172413,5,3,0
union_class_agnostic_nms,F3_B0_P192,b0;p192,0.7,0.25,0.5,284,85,6,0.7696476964769647,0.9793103448275862,0.8619119878603945,0.9678457879405706,0.9420013048953427,0.8264194532060486,0.6049323933753552,0.4053777214480657,0.19202566769770069,0.05785185046512234,0.016274947419340696,0.0005594107797876562,0.0,0.4013288537227334,single-class 101-point interpolated AP from predictions retained at confidence floor,77,74,3,0.961038961038961,81,78,3,0.9629629629629629,29,26,3,0.896551724137931,1,5,0
union_class_agnostic_nms,F4_B0_M3_P192,b0;m3;p192,0.7,0.25,0.5,284,91,6,0.7573333333333333,0.9793103448275862,0.8541353383458647,0.9643474198810155,0.9258172658127475,0.7782999552458701,0.5928852052053416,0.3740661124297044,0.17798779906659015,0.05544689787298827,0.014168627749779221,0.0004204367805201573,0.0,0.3883439720044557,single-class 101-point interpolated AP from predictions retained at confidence floor,77,73,4,0.948051948051948,81,77,4,0.9506172839506173,29,25,4,0.8620689655172413,1,4,1
