feature,bin,bin_rule,n,b0_tp,b0_rate,p192_tp,p192_rate,p192_minus_b0,p192_b0_fn_rescue,p256_tp,p256_rate,p256_minus_b0,p256_b0_fn_rescue,m2_p2_tp,m2_p2_rate,m2_p2_minus_b0,m2_p2_b0_fn_rescue,m3_bilateral_tp,m3_bilateral_rate,m3_bilateral_minus_b0,m3_bilateral_b0_fn_rescue,m4_clahe_tp,m4_clahe_rate,m4_clahe_minus_b0,m4_clahe_b0_fn_rescue,m5_bilateral_clahe_tp,m5_bilateral_clahe_rate,m5_bilateral_clahe_minus_b0,m5_bilateral_clahe_b0_fn_rescue,m6_clahe_bilateral_tp,m6_clahe_bilateral_rate,m6_clahe_bilateral_minus_b0,m6_clahe_bilateral_b0_fn_rescue,best_strategy,best_alternative_minus_b0_objects,evidence_note
small,not_small_gt_8,predefined,213,209,0.9812206572769953,194,0.9107981220657277,-0.07042253521126751,2,209,0.9812206572769953,0.0,2,209,0.9812206572769953,0.0,2,209,0.9812206572769953,0.0,2,208,0.9765258215962441,-0.0046948356807511304,2,205,0.9624413145539906,-0.018779342723004633,2,204,0.9577464788732394,-0.023474178403755874,1,b0;p256;m2_p2;m3_bilateral,0,no_alternative_gain_over_b0
small,small_le_8,predefined,77,72,0.935064935064935,72,0.935064935064935,0.0,3,67,0.8701298701298701,-0.06493506493506496,0,68,0.8831168831168831,-0.051948051948051965,1,72,0.935064935064935,0.0,0,68,0.8831168831168831,-0.051948051948051965,1,70,0.9090909090909091,-0.025974025974025983,0,73,0.948051948051948,0.012987012987012991,1,m6_clahe_bilateral,1,anecdotal_1_to_2_object_difference
low_contrast,low_le_4,predefined,81,77,0.9506172839506173,76,0.9382716049382716,-0.012345679012345734,2,73,0.9012345679012346,-0.04938271604938271,0,74,0.9135802469135802,-0.03703703703703709,1,75,0.9259259259259259,-0.024691358024691357,0,72,0.8888888888888888,-0.06172839506172845,1,74,0.9135802469135802,-0.03703703703703709,0,76,0.9382716049382716,-0.012345679012345734,0,b0,-1,no_alternative_gain_over_b0
low_contrast,not_low_gt_4,predefined,209,204,0.9760765550239234,190,0.9090909090909091,-0.06698564593301437,3,203,0.9712918660287081,-0.004784688995215336,2,203,0.9712918660287081,-0.004784688995215336,2,206,0.9856459330143541,0.009569377990430672,2,204,0.9760765550239234,0.0,2,201,0.9617224880382775,-0.014354066985645897,2,201,0.9617224880382775,-0.014354066985645897,2,m3_bilateral,2,anecdotal_1_to_2_object_difference
small_low_contrast,both,predefined,29,25,0.8620689655172413,25,0.8620689655172413,0.0,2,22,0.7586206896551724,-0.10344827586206895,0,23,0.7931034482758621,-0.06896551724137923,1,25,0.8620689655172413,0.0,0,23,0.7931034482758621,-0.06896551724137923,1,23,0.7931034482758621,-0.06896551724137923,0,25,0.8620689655172413,0.0,0,b0;p192;m3_bilateral;m6_clahe_bilateral,0,no_alternative_gain_over_b0
small_low_contrast,not_both,predefined,261,256,0.9808429118773946,241,0.9233716475095786,-0.05747126436781602,3,254,0.9731800766283525,-0.007662835249042099,2,254,0.9731800766283525,-0.007662835249042099,2,256,0.9808429118773946,0.0,2,253,0.9693486590038314,-0.011494252873563204,2,252,0.9655172413793104,-0.015325670498084198,2,252,0.9655172413793104,-0.015325670498084198,2,b0;m3_bilateral,0,no_alternative_gain_over_b0
bbox_min_side_px,Q1,"[5, 8]",77,72,0.935064935064935,72,0.935064935064935,0.0,3,67,0.8701298701298701,-0.06493506493506496,0,68,0.8831168831168831,-0.051948051948051965,1,72,0.935064935064935,0.0,0,68,0.8831168831168831,-0.051948051948051965,1,70,0.9090909090909091,-0.025974025974025983,0,73,0.948051948051948,0.012987012987012991,1,m6_clahe_bilateral,1,anecdotal_1_to_2_object_difference
bbox_min_side_px,Q2,"[9, 9]",73,73,1.0,73,1.0,0.0,0,72,0.9863013698630136,-0.013698630136986356,0,72,0.9863013698630136,-0.013698630136986356,0,72,0.9863013698630136,-0.013698630136986356,0,73,1.0,0.0,0,71,0.9726027397260274,-0.0273972602739726,0,72,0.9863013698630136,-0.013698630136986356,0,b0;p192;m4_clahe,0,no_alternative_gain_over_b0
bbox_min_side_px,Q3,"[10, 11]",84,82,0.9761904761904762,82,0.9761904761904762,0.0,2,84,1.0,0.023809523809523836,2,84,1.0,0.023809523809523836,2,84,1.0,0.023809523809523836,2,82,0.9761904761904762,0.0,2,80,0.9523809523809523,-0.023809523809523836,1,81,0.9642857142857143,-0.011904761904761862,1,p256;m2_p2;m3_bilateral,2,anecdotal_1_to_2_object_difference
bbox_min_side_px,Q4,"[12, 20]",56,54,0.9642857142857143,39,0.6964285714285714,-0.2678571428571429,0,53,0.9464285714285714,-0.017857142857142905,0,53,0.9464285714285714,-0.017857142857142905,0,53,0.9464285714285714,-0.017857142857142905,0,53,0.9464285714285714,-0.017857142857142905,0,54,0.9642857142857143,0.0,1,51,0.9107142857142857,-0.0535714285714286,0,b0;m5_bilateral_clahe,0,no_alternative_gain_over_b0
bbox_area_ratio,Q1,"[0.00025025025, 0.00060998498]",78,72,0.9230769230769231,71,0.9102564102564102,-0.012820512820512886,4,67,0.8589743589743589,-0.06410256410256421,1,68,0.8717948717948718,-0.05128205128205132,2,71,0.9102564102564102,-0.012820512820512886,1,66,0.8461538461538461,-0.07692307692307698,2,65,0.8333333333333334,-0.08974358974358976,0,74,0.9487179487179487,0.02564102564102555,2,m6_clahe_bilateral,2,anecdotal_1_to_2_object_difference
bbox_area_ratio,Q2,"[0.00061003508, 0.00076254385]",71,71,1.0,69,0.971830985915493,-0.028169014084507005,0,71,1.0,0.0,0,71,1.0,0.0,0,71,1.0,0.0,0,71,1.0,0.0,0,70,0.9859154929577465,-0.014084507042253502,0,71,1.0,0.0,0,b0;p256;m2_p2;m3_bilateral;m4_clahe;m6_clahe_bilateral,0,no_alternative_gain_over_b0
bbox_area_ratio,Q3,"[0.00077012596, 0.00094364801]",77,77,1.0,69,0.8961038961038961,-0.10389610389610393,0,76,0.987012987012987,-0.012987012987012991,0,77,1.0,0.0,0,77,1.0,0.0,0,77,1.0,0.0,0,77,1.0,0.0,0,75,0.974025974025974,-0.025974025974025983,0,b0;m2_p2;m3_bilateral;m4_clahe;m5_bilateral_clahe,0,no_alternative_gain_over_b0
bbox_area_ratio,Q4,"[0.00095317981, 0.0022876315]",64,61,0.953125,57,0.890625,-0.0625,1,62,0.96875,0.015625,1,61,0.953125,0.0,1,62,0.96875,0.015625,1,62,0.96875,0.015625,1,63,0.984375,0.03125,2,57,0.890625,-0.0625,0,m5_bilateral_clahe,2,anecdotal_1_to_2_object_difference
absolute_median_difference,Q1,"[0, 4]",81,77,0.9506172839506173,76,0.9382716049382716,-0.012345679012345734,2,73,0.9012345679012346,-0.04938271604938271,0,74,0.9135802469135802,-0.03703703703703709,1,75,0.9259259259259259,-0.024691358024691357,0,72,0.8888888888888888,-0.06172839506172845,1,74,0.9135802469135802,-0.03703703703703709,0,76,0.9382716049382716,-0.012345679012345734,0,b0,-1,no_alternative_gain_over_b0
absolute_median_difference,Q2,"[4.5, 8]",78,78,1.0,71,0.9102564102564102,-0.08974358974358976,0,76,0.9743589743589743,-0.02564102564102566,0,77,0.9871794871794872,-0.012820512820512775,0,78,1.0,0.0,0,77,0.9871794871794872,-0.012820512820512775,0,74,0.9487179487179487,-0.05128205128205132,0,77,0.9871794871794872,-0.012820512820512775,0,b0;m3_bilateral,0,no_alternative_gain_over_b0
absolute_median_difference,Q3,"[8.5, 11]",60,58,0.9666666666666667,58,0.9666666666666667,0.0,2,58,0.9666666666666667,0.0,1,58,0.9666666666666667,0.0,1,59,0.9833333333333333,0.016666666666666607,1,58,0.9666666666666667,0.0,1,57,0.95,-0.01666666666666672,0,60,1.0,0.033333333333333326,2,m6_clahe_bilateral,2,anecdotal_1_to_2_object_difference
absolute_median_difference,Q4,"[11.5, 30]",71,68,0.9577464788732394,61,0.8591549295774648,-0.09859154929577463,1,69,0.971830985915493,0.014084507042253613,1,68,0.9577464788732394,0.0,1,69,0.971830985915493,0.014084507042253613,1,69,0.971830985915493,0.014084507042253613,1,70,0.9859154929577465,0.028169014084507116,2,64,0.9014084507042254,-0.05633802816901401,0,m5_bilateral_clahe,2,anecdotal_1_to_2_object_difference
cnr_like_robust,Q1,"[0, 0.53959257]",73,69,0.9452054794520548,69,0.9452054794520548,0.0,2,67,0.9178082191780822,-0.0273972602739726,0,69,0.9452054794520548,0.0,1,67,0.9178082191780822,-0.0273972602739726,0,67,0.9178082191780822,-0.0273972602739726,1,67,0.9178082191780822,-0.0273972602739726,0,67,0.9178082191780822,-0.0273972602739726,0,b0;p192;m2_p2,0,no_alternative_gain_over_b0
cnr_like_robust,Q2,"[0.55819922, 0.84311331]",73,73,1.0,66,0.9041095890410958,-0.09589041095890416,0,71,0.9726027397260274,-0.0273972602739726,0,71,0.9726027397260274,-0.0273972602739726,0,73,1.0,0.0,0,72,0.9863013698630136,-0.013698630136986356,0,69,0.9452054794520548,-0.0547945205479452,0,73,1.0,0.0,0,b0;m3_bilateral;m6_clahe_bilateral,0,no_alternative_gain_over_b0
cnr_like_robust,Q3,"[0.84311338, 1.2140832]",71,69,0.971830985915493,65,0.9154929577464789,-0.05633802816901412,2,68,0.9577464788732394,-0.014084507042253613,1,68,0.9577464788732394,-0.014084507042253613,1,70,0.9859154929577465,0.014084507042253502,1,68,0.9577464788732394,-0.014084507042253613,1,68,0.9577464788732394,-0.014084507042253613,0,69,0.971830985915493,0.0,2,m3_bilateral,1,anecdotal_1_to_2_object_difference
cnr_like_robust,Q4,"[1.2140833, 3.9120459]",73,70,0.958904109589041,66,0.9041095890410958,-0.0547945205479452,1,70,0.958904109589041,0.0,1,69,0.9452054794520548,-0.013698630136986245,1,71,0.9726027397260274,0.013698630136986356,1,69,0.9452054794520548,-0.013698630136986245,1,71,0.9726027397260274,0.013698630136986356,2,68,0.9315068493150684,-0.0273972602739726,0,m3_bilateral;m5_bilateral_clahe,1,anecdotal_1_to_2_object_difference
background_gradient_mean,Q1,"[1.9137021, 3.048409]",73,72,0.9863013698630136,70,0.958904109589041,-0.0273972602739726,1,69,0.9452054794520548,-0.041095890410958846,0,68,0.9315068493150684,-0.0547945205479452,1,72,0.9863013698630136,0.0,0,68,0.9315068493150684,-0.0547945205479452,1,71,0.9726027397260274,-0.013698630136986245,0,71,0.9726027397260274,-0.013698630136986245,0,b0;m3_bilateral,0,no_alternative_gain_over_b0
background_gradient_mean,Q2,"[3.0889404, 4.3696043]",72,68,0.9444444444444444,69,0.9583333333333334,0.01388888888888895,2,68,0.9444444444444444,0.0,1,68,0.9444444444444444,0.0,1,69,0.9583333333333334,0.01388888888888895,1,69,0.9583333333333334,0.01388888888888895,1,69,0.9583333333333334,0.01388888888888895,2,66,0.9166666666666666,-0.02777777777777779,1,p192;m3_bilateral;m4_clahe;m5_bilateral_clahe,1,anecdotal_1_to_2_object_difference
background_gradient_mean,Q3,"[4.3705255, 5.4558586]",72,69,0.9583333333333334,64,0.8888888888888888,-0.06944444444444453,2,68,0.9444444444444444,-0.01388888888888895,1,69,0.9583333333333334,0.0,1,68,0.9444444444444444,-0.01388888888888895,1,68,0.9444444444444444,-0.01388888888888895,1,67,0.9305555555555556,-0.02777777777777779,0,69,0.9583333333333334,0.0,1,b0;m2_p2;m6_clahe_bilateral,0,no_alternative_gain_over_b0
background_gradient_mean,Q4,"[5.4791046, 7.7555907]",73,72,0.9863013698630136,63,0.863013698630137,-0.12328767123287665,0,71,0.9726027397260274,-0.013698630136986245,0,72,0.9863013698630136,0.0,0,72,0.9863013698630136,0.0,0,71,0.9726027397260274,-0.013698630136986245,0,68,0.9315068493150684,-0.0547945205479452,0,71,0.9726027397260274,-0.013698630136986245,0,b0;m2_p2;m3_bilateral,0,no_alternative_gain_over_b0
image_edge_distance_norm,Q1,"[0.16455696, 0.37162162]",73,70,0.958904109589041,66,0.9041095890410958,-0.0547945205479452,2,68,0.9315068493150684,-0.0273972602739726,0,69,0.9452054794520548,-0.013698630136986245,1,69,0.9452054794520548,-0.013698630136986245,0,69,0.9452054794520548,-0.013698630136986245,1,67,0.9178082191780822,-0.041095890410958846,0,70,0.958904109589041,0.0,0,b0;m6_clahe_bilateral,0,no_alternative_gain_over_b0
image_edge_distance_norm,Q2,"[0.37341772, 0.41566265]",72,71,0.9861111111111112,69,0.9583333333333334,-0.02777777777777779,0,71,0.9861111111111112,0.0,0,70,0.9722222222222222,-0.01388888888888895,0,71,0.9861111111111112,0.0,0,70,0.9722222222222222,-0.01388888888888895,0,70,0.9722222222222222,-0.01388888888888895,0,70,0.9722222222222222,-0.01388888888888895,0,b0;p256;m3_bilateral,0,no_alternative_gain_over_b0
image_edge_distance_norm,Q3,"[0.41566265, 0.4481982]",74,70,0.9459459459459459,66,0.8918918918918919,-0.05405405405405406,2,70,0.9459459459459459,0.0,2,71,0.9594594594594594,0.013513513513513487,2,72,0.972972972972973,0.027027027027027084,2,69,0.9324324324324325,-0.013513513513513487,2,70,0.9459459459459459,0.0,2,68,0.918918918918919,-0.027027027027026973,1,m3_bilateral,2,anecdotal_1_to_2_object_difference
image_edge_distance_norm,Q4,"[0.44879518, 0.48423423]",71,70,0.9859154929577465,65,0.9154929577464789,-0.07042253521126762,1,67,0.9436619718309859,-0.04225352112676062,0,67,0.9436619718309859,-0.04225352112676062,0,69,0.971830985915493,-0.014084507042253502,0,68,0.9577464788732394,-0.028169014084507116,0,68,0.9577464788732394,-0.028169014084507116,0,69,0.971830985915493,-0.014084507042253502,1,b0,-1,no_alternative_gain_over_b0
product_edge_distance_norm,Q1,"[0.062578414, 0.084317292]",73,66,0.9041095890410958,63,0.863013698630137,-0.041095890410958846,4,66,0.9041095890410958,0.0,1,66,0.9041095890410958,0.0,2,66,0.9041095890410958,0.0,1,67,0.9178082191780822,0.013698630136986356,2,60,0.821917808219178,-0.0821917808219178,0,68,0.9315068493150684,0.0273972602739726,2,m6_clahe_bilateral,2,anecdotal_1_to_2_object_difference
product_edge_distance_norm,Q2,"[0.084563589, 0.092801915]",72,72,1.0,69,0.9583333333333334,-0.04166666666666663,0,71,0.9861111111111112,-0.01388888888888884,0,71,0.9861111111111112,-0.01388888888888884,0,71,0.9861111111111112,-0.01388888888888884,0,70,0.9722222222222222,-0.02777777777777779,0,72,1.0,0.0,0,70,0.9722222222222222,-0.02777777777777779,0,b0;m5_bilateral_clahe,0,no_alternative_gain_over_b0
product_edge_distance_norm,Q3,"[0.092816241, 0.1037772]",72,70,0.9722222222222222,66,0.9166666666666666,-0.05555555555555558,1,69,0.9583333333333334,-0.01388888888888884,1,71,0.9861111111111112,0.01388888888888895,1,71,0.9861111111111112,0.01388888888888895,1,70,0.9722222222222222,0.0,1,71,0.9861111111111112,0.01388888888888895,2,67,0.9305555555555556,-0.04166666666666663,0,m2_p2;m3_bilateral;m5_bilateral_clahe,1,anecdotal_1_to_2_object_difference
product_edge_distance_norm,Q4,"[0.10393189, 0.13888942]",73,73,1.0,68,0.9315068493150684,-0.06849315068493156,0,70,0.958904109589041,-0.04109589041095896,0,69,0.9452054794520548,-0.0547945205479452,0,73,1.0,0.0,0,69,0.9452054794520548,-0.0547945205479452,0,72,0.9863013698630136,-0.013698630136986356,0,72,0.9863013698630136,-0.013698630136986356,0,b0;m3_bilateral,0,no_alternative_gain_over_b0
