epoch,time,train/box_loss,train/cls_loss,train/dfl_loss,metrics/precision(B),metrics/recall(B),metrics/mAP50(B),metrics/mAP50-95(B),val/box_loss,val/cls_loss,val/dfl_loss,lr/pg0,lr/pg1,lr/pg2
1,7.66027,3.52628,4.96094,1.5405,0,0,0,0,4.62884,8.64797e+07,1489.94,0.00958333,0.00958333,0.01375
2,12.9592,3.2171,2.52085,1.38743,0,0,0,0,4.75581,2.73846e+06,443.473,0.0097,0.0097,0.0097
3,17.7835,2.91406,1.5644,1.23996,0,0,0,0,3.98755,93452,26.6561,0.0094,0.0094,0.0094
4,22.7553,2.7603,1.25816,1.19063,0.00014,0.01724,3e-05,1e-05,3.97845,52062.5,11.7947,0.0091,0.0091,0.0091
5,28.0314,2.48784,1.12166,1.10029,0.00559,0.37241,0.16174,0.02986,4.16409,1266.07,2.75875,0.0088,0.0088,0.0088
6,32.8192,2.34469,1.09142,1.06721,0.20645,0.11034,0.03217,0.00557,4.17397,1762.75,2.59735,0.0085,0.0085,0.0085
7,37.6208,2.3168,1.03652,1.05629,0.79502,0.89609,0.79651,0.26281,2.24622,1.45058,1.02261,0.0082,0.0082,0.0082
8,42.2636,2.21781,0.93964,1.03678,0.823,0.85517,0.84137,0.28197,2.33108,1.48427,1.02443,0.0079,0.0079,0.0079
9,47.1911,2.1965,0.97277,1.02343,0.75019,0.89058,0.83099,0.31124,2.08767,1.17418,0.97885,0.0076,0.0076,0.0076
10,52.1744,2.21959,0.95515,1.01949,0.64644,0.56552,0.4886,0.11506,3.34478,8.79145,1.38345,0.0073,0.0073,0.0073
11,56.7516,2.15691,0.93473,1.01668,0.69281,0.8069,0.69282,0.19803,2.45859,1.08032,1.04805,0.007,0.007,0.007
12,61.4493,2.27424,0.97737,1.04292,0.84705,0.53473,0.57321,0.15884,2.82249,67.126,1.18238,0.0067,0.0067,0.0067
13,66.0719,2.19149,0.91526,1.0255,0.92303,0.93448,0.89731,0.35396,2.10399,1.79608,0.97982,0.0064,0.0064,0.0064
14,70.7844,2.13299,0.88088,1.01032,0.93972,0.93793,0.92796,0.34823,2.13046,0.8522,0.97469,0.0061,0.0061,0.0061
15,75.4763,2.15009,0.86215,1.0041,0.93822,0.94262,0.92224,0.35058,2.16958,0.89942,0.99729,0.0058,0.0058,0.0058
16,80.306,2.13164,0.89308,1.0009,0.94121,0.93844,0.93623,0.3206,2.15653,1.07312,0.98156,0.0055,0.0055,0.0055
17,84.8872,2.12302,0.86626,1.00642,0.93025,0.93448,0.89877,0.33773,2.20227,0.9581,0.99108,0.0052,0.0052,0.0052
18,89.5058,2.08248,0.85203,0.98278,0.94495,0.94828,0.92898,0.35847,2.12312,0.86005,0.97638,0.0049,0.0049,0.0049
19,94.4238,2.12216,0.89486,0.99996,0.93948,0.93793,0.93304,0.33666,2.14791,0.90597,0.97228,0.0046,0.0046,0.0046
20,99.0239,2.08325,0.85851,0.99364,0.94315,0.95517,0.93647,0.36183,2.08847,0.87053,0.97132,0.0043,0.0043,0.0043
21,103.986,2.09387,0.88551,0.98391,0.94454,0.94828,0.92068,0.35264,2.09872,0.8768,0.97309,0.004,0.004,0.004
22,108.862,2.08405,0.86668,0.98788,0.95828,0.96897,0.96123,0.36541,2.08295,0.87682,0.9617,0.0037,0.0037,0.0037
23,113.582,2.0861,0.84416,0.97629,0.94448,0.94483,0.90442,0.35713,2.171,0.8647,0.98739,0.0034,0.0034,0.0034
24,118.251,2.07361,0.84476,0.98273,0.94978,0.95862,0.92449,0.35614,2.12544,0.86775,0.98197,0.0031,0.0031,0.0031
25,122.941,2.05754,0.82977,0.98141,0.95844,0.95517,0.94009,0.38858,2.09034,0.83571,0.97011,0.0028,0.0028,0.0028
26,127.84,2.04792,0.81627,0.99201,0.95807,0.96207,0.94544,0.37094,2.07698,0.83375,0.96756,0.0025,0.0025,0.0025
27,132.629,2.04383,0.81204,0.96789,0.96158,0.96207,0.94285,0.37726,2.07867,0.80641,0.96174,0.0022,0.0022,0.0022
28,137.162,2.05067,0.77625,0.98172,0.98223,0.98276,0.97948,0.36417,2.08194,0.78453,0.96465,0.0019,0.0019,0.0019
29,141.676,2.03618,0.77196,0.97902,0.95116,0.95172,0.92638,0.36979,2.08288,0.79492,0.96595,0.0016,0.0016,0.0016
30,146.379,2.01987,0.77856,0.98058,0.97856,0.97931,0.97389,0.39038,2.00857,0.79251,0.94758,0.0013,0.0013,0.0013
