detect_threshold,reinspect_lower_threshold,detect_tp,detect_fp,detect_fn,tp_if_reinspect_candidates_reviewed,fp_candidates_at_reinspect_floor,residual_fn_after_reinspect_floor,gt_objects_recovered_vs_detect_only,additional_fp_candidates_vs_detect_only,additional_total_candidates_vs_detect_only,object_recall_at_reinspect_floor,object_precision_at_reinspect_floor,f1_at_reinspect_floor
0.4,0.001,1121,30,26,1134,3688,13,13,3658,3671,0.988666085440279,0.23517212774782248,0.37996314290500915
0.4,0.005,1121,30,26,1133,1826,14,12,1796,1808,0.987794245858762,0.3828996282527881,0.5518753044325377
0.4,0.01,1121,30,26,1131,1281,16,10,1251,1261,0.986050566695728,0.4689054726368159,0.6355717898286035
0.4,0.02,1121,30,26,1128,886,19,7,856,863,0.983435047951177,0.5600794438927508,0.713698196773173
0.4,0.05,1121,30,26,1126,430,21,5,400,405,0.981691368788143,0.7236503856041131,0.8331483536810951
0.4,0.1,1121,30,26,1123,208,24,2,178,180,0.979075850043592,0.8437265214124718,0.9063761097659402
0.4,0.15,1121,30,26,1123,116,24,2,86,88,0.979075850043592,0.9063761097659403,0.9413243922883487
0.4,0.2,1121,30,26,1122,80,25,1,50,51,0.978204010462075,0.9334442595673876,0.9553001277139208
0.4,0.25,1121,30,26,1121,51,26,0,21,21,0.977332170880558,0.9564846416382252,0.966796032772747
0.4,0.3,1121,30,26,1121,40,26,0,10,10,0.977332170880558,0.9655469422911284,0.9714038128249568
0.4,0.35,1121,30,26,1121,33,26,0,3,3,0.977332170880558,0.9714038128249567,0.9743589743589745
