stem,fold_id,prediction_index,prediction_bbox_json,confidence,nearest_gt_iou,fp_status,report_confidence_threshold,was_matched
001_20200623_082414(1),1,1,"[351.79217529296875,226.25328063964844,364.43927001953125,239.52850341796875]",0.6561031341552734,0.4288445617311527,LOCALIZATION_FALSE_POSITIVE,0.25,False
001_20200623_082419(6),1,2,"[367.12725830078125,218.99302673339844,377.9583435058594,230.57899475097656]",0.6013530492782593,0.4772581126880129,LOCALIZATION_FALSE_POSITIVE,0.25,False
001_20200624_083202(6),1,1,"[346.9165954589844,202.8865966796875,358.47015380859375,215.07203674316406]",0.6095466017723083,0.3352028399739153,LOCALIZATION_FALSE_POSITIVE,0.25,False
001_20200624_083202(6),1,2,"[345.1021423339844,201.89085388183594,358.9663391113281,216.41159057617188]",0.6057240962982178,0.47932940686254694,LOCALIZATION_FALSE_POSITIVE,0.25,False
001_20200727_204958(2),1,0,"[321.07757568359375,145.62229919433594,333.29815673828125,156.9579315185547]",0.6208986639976501,0.4554798670972809,LOCALIZATION_FALSE_POSITIVE,0.25,False
001_20200819_124414(0),1,0,"[324.1690673828125,163.91725158691406,334.963623046875,175.19613647460938]",0.6333218812942505,0.4778488518285836,LOCALIZATION_FALSE_POSITIVE,0.25,False
002_20200623_082311(8),1,1,"[144.29428100585938,136.97726440429688,154.69525146484375,147.40919494628906]",0.6944852471351624,0.4520925058226558,LOCALIZATION_FALSE_POSITIVE,0.25,False
002_20200629_123456(0),1,0,"[145.11865234375,165.1355743408203,155.95518493652344,176.1716766357422]",0.6841351985931396,0.4682545090593883,LOCALIZATION_FALSE_POSITIVE,0.25,False
002_20200629_123505(0),1,0,"[152.67312622070312,197.9674072265625,163.91958618164062,209.17169189453125]",0.7032064199447632,0.44441432687611515,LOCALIZATION_FALSE_POSITIVE,0.25,False
002_20200714_083057(5),1,1,"[198.95462036132812,183.18223571777344,207.53158569335938,192.19680786132812]",0.661063551902771,0.444626180768909,LOCALIZATION_FALSE_POSITIVE,0.25,False
