stem,fold_id,prediction_index,prediction_bbox_json,confidence,nearest_gt_iou,fp_status,report_confidence_threshold,was_matched,prediction_center_inside_inferred_product,machine,date,resolution,image_edge_distance_px,nearest_repair_mask_distance_px,inferred_product_boundary_distance_px,local_background_iqr,local_background_gradient_mean,notes
001_20200623_003516(8),1,2,"[345.9326171875,211.87258911132812,359.6637268066406,225.6337432861328]",0.5417495369911194,0.6159093840640814,DUPLICATE_EXCESS,0.25,False,False,3호기(2020.09.22),20200623,576x444,211.87258911132812,0.0,0.336273193359375,28.0,6.6854107579855695,"Product region and repair relation are heuristic diagnostics, not product GT."
001_20200623_003516(8),1,4,"[348.1951904296875,212.51260375976562,362.2671203613281,226.87623596191406]",0.2665867507457733,0.395904336389941,LOCALIZATION_FALSE_POSITIVE,0.25,False,False,3호기(2020.09.22),20200623,576x444,212.51260375976562,0.0,0.0,27.0,6.692272890385517,"Product region and repair relation are heuristic diagnostics, not product GT."
001_20200623_003524(0),1,3,"[486.253662109375,214.70794677734375,498.768310546875,226.4348602294922]",0.3073626756668091,0.0,BACKGROUND_FALSE_POSITIVE,0.25,False,True,3호기(2020.09.22),20200623,576x444,77.231689453125,128.21947633728212,37.45348919683239,22.0,4.504074085940467,"Product region and repair relation are heuristic diagnostics, not product GT."
001_20200623_003529(0),1,3,"[481.827392578125,214.31809997558594,494.49835205078125,227.204345703125]",0.5335749983787537,0.0,BACKGROUND_FALSE_POSITIVE,0.25,False,True,3호기(2020.09.22),20200623,576x444,81.50164794921875,118.83470290475537,43.5386925464196,23.0,5.2622234018001715,"Product region and repair relation are heuristic diagnostics, not product GT."
001_20200623_082414(1),1,0,"[352.5361633300781,225.90037536621094,364.35150146484375,238.5657501220703]",0.6399464011192322,0.4811364914029249,LOCALIZATION_FALSE_POSITIVE,0.25,False,False,3호기(2020.09.22),20200623,576x444,205.4342498779297,0.9003753662109375,2.9003753662109375,26.0,5.460423500236914,"Product region and repair relation are heuristic diagnostics, not product GT."
001_20200624_083202(6),1,1,"[343.9629211425781,202.84051513671875,356.63031005859375,215.34481811523438]",0.5609644651412964,0.3771354022679767,LOCALIZATION_FALSE_POSITIVE,0.25,False,True,3호기(2020.09.22),20200624,576x444,202.84051513671875,12.655181884765625,11.655181884765625,24.0,4.958119406401324,"Product region and repair relation are heuristic diagnostics, not product GT."
001_20200624_083202(6),1,3,"[366.9045104980469,262.1544494628906,381.1257629394531,276.1960144042969]",0.44073086977005005,0.7687901739628389,DUPLICATE_EXCESS,0.25,False,False,3호기(2020.09.22),20200624,576x444,167.80398559570312,0.0,1.904510498046875,30.0,6.925707362546327,"Product region and repair relation are heuristic diagnostics, not product GT."
001_20200624_083202(6),1,4,"[344.492431640625,200.56153869628906,358.629638671875,214.65084838867188]",0.26594600081443787,0.47424640011574604,LOCALIZATION_FALSE_POSITIVE,0.25,False,True,3호기(2020.09.22),20200624,576x444,200.56153869628906,13.349151611328125,12.349151611328125,24.0,4.823207835710163,"Product region and repair relation are heuristic diagnostics, not product GT."
001_20200727_204958(2),1,0,"[321.2721252441406,145.48977661132812,333.96435546875,157.96238708496094]",0.5527318716049194,0.38523263318627704,LOCALIZATION_FALSE_POSITIVE,0.25,False,False,3호기(2020.09.22),20200727,576x444,145.48977661132812,0.03564453125,2.03564453125,25.0,5.5944925065034425,"Product region and repair relation are heuristic diagnostics, not product GT."
001_20200819_124414(0),1,0,"[323.9375305175781,163.3861083984375,335.68072509765625,175.4457550048828]",0.59880530834198,0.4325387566943291,LOCALIZATION_FALSE_POSITIVE,0.25,False,False,3호기(2020.09.22),20200819,576x444,163.3861083984375,0.31927490234375,2.31927490234375,26.0,10.493085556036636,"Product region and repair relation are heuristic diagnostics, not product GT."
001_20200826_123714(5),1,0,"[316.77459716796875,190.9011993408203,329.0578918457031,202.9248046875]",0.44817298650741577,0.29338866518782936,LOCALIZATION_FALSE_POSITIVE,0.25,False,False,3호기(2020.09.22),20200826,576x444,190.9011993408203,0.0,0.0,27.0,9.71144761225717,"Product region and repair relation are heuristic diagnostics, not product GT."
002_20200623_082311(8),1,1,"[144.43252563476562,137.00567626953125,154.97140502929688,147.69815063476562]",0.6829236745834351,0.4695279073513415,LOCALIZATION_FALSE_POSITIVE,0.25,False,False,2호기(2020.09.22),20200623,316x332,137.00567626953125,2.00567626953125,4.00567626953125,29.0,3.9013356446821033,"Product region and repair relation are heuristic diagnostics, not product GT."
002_20200623_082318(5),1,2,"[215.66351318359375,231.90869140625,224.25421142578125,241.13055419921875]",0.5920738577842712,0.4544178475576237,LOCALIZATION_FALSE_POSITIVE,0.25,False,False,1호기(2020.09.22),20200623,352x332,90.86944580078125,2.66351318359375,4.66351318359375,37.5,11.463174029274693,"Product region and repair relation are heuristic diagnostics, not product GT."
002_20200624_123144(0),1,3,"[163.57864379882812,152.99130249023438,175.3194122314453,165.29286193847656]",0.34899911284446716,0.6526908786113512,DUPLICATE_EXCESS,0.25,False,False,2호기(2020.09.22),20200624,316x332,140.6805877685547,0.7071380615234375,2.7071380615234375,30.0,4.720839817367693,"Product region and repair relation are heuristic diagnostics, not product GT."
002_20200624_162540(3),1,0,"[202.4315643310547,167.35018920898438,210.4103240966797,175.67364501953125]",0.6862686276435852,0.4463047059295834,LOCALIZATION_FALSE_POSITIVE,0.25,False,False,1호기(2020.09.22),20200624,352x332,141.5896759033203,2.350189208984375,4.350189208984375,50.0,14.016506537775825,"Product region and repair relation are heuristic diagnostics, not product GT."
002_20200624_162708(9),1,3,"[163.65660095214844,169.42868041992188,175.07997131347656,182.69264221191406]",0.32845547795295715,0.5939843325609965,DUPLICATE_EXCESS,0.25,False,False,2호기(2020.09.22),20200624,316x332,140.92002868652344,0.0,1.3073577880859375,27.0,4.7436589671209575,"Product region and repair relation are heuristic diagnostics, not product GT."
002_20200625_003357(4),1,3,"[154.33718872070312,140.28927612304688,166.77508544921875,153.6754608154297]",0.25076377391815186,0.5405535826774884,DUPLICATE_EXCESS,0.25,False,False,2호기(2020.09.22),20200625,316x332,140.28927612304688,0.3245391845703125,2.3245391845703125,27.0,3.273356878607045,"Product region and repair relation are heuristic diagnostics, not product GT."
002_20200625_003410(8),1,3,"[154.07461547851562,140.37210083007812,166.54632568359375,153.80136108398438]",0.27069270610809326,0.6567719311940878,DUPLICATE_EXCESS,0.25,False,False,2호기(2020.09.22),20200625,316x332,140.37210083007812,0.198638916015625,2.198638916015625,27.0,3.2453574989539113,"Product region and repair relation are heuristic diagnostics, not product GT."
002_20200714_083057(5),1,2,"[198.26194763183594,182.59486389160156,207.5700225830078,191.9019012451172]",0.6211574077606201,0.39082761661846666,LOCALIZATION_FALSE_POSITIVE,0.25,False,False,1호기(2020.09.22),20200714,352x332,140.0980987548828,1.2619476318359375,3.2619476318359375,35.0,11.470640450121934,"Product region and repair relation are heuristic diagnostics, not product GT."
001_20200622_203305(8),2,1,"[357.8056335449219,186.88006591796875,370.88690185546875,199.6273956298828]",0.5750476717948914,0.28785393104794266,LOCALIZATION_FALSE_POSITIVE,0.25,False,False,3호기(2020.09.22),20200622,576x444,186.88006591796875,0.3726043701171875,2.3726043701171875,24.0,9.15829230040637,"Product region and repair relation are heuristic diagnostics, not product GT."
001_20200622_203305(8),2,3,"[362.18731689453125,217.07296752929688,374.5700988769531,231.493408203125]",0.3079458773136139,0.4480156946416507,LOCALIZATION_FALSE_POSITIVE,0.25,False,False,3호기(2020.09.22),20200622,576x444,201.42990112304688,0.506591796875,2.506591796875,27.0,6.615264542497145,"Product region and repair relation are heuristic diagnostics, not product GT."
001_20200622_203316(0),2,0,"[360.89678955078125,202.87171936035156,373.4663391113281,215.73703002929688]",0.614915132522583,0.47615761317265914,LOCALIZATION_FALSE_POSITIVE,0.25,False,False,3호기(2020.09.22),20200622,576x444,202.53366088867188,0.0,1.89678955078125,23.0,5.323293262652667,"Product region and repair relation are heuristic diagnostics, not product GT."
001_20200622_203316(0),2,1,"[367.5235290527344,273.2032470703125,380.2481689453125,285.8448181152344]",0.6128447651863098,0.463010763379156,LOCALIZATION_FALSE_POSITIVE,0.25,False,False,3호기(2020.09.22),20200622,576x444,158.15518188476562,0.523529052734375,2.523529052734375,26.0,5.454579949819148,"Product region and repair relation are heuristic diagnostics, not product GT."
001_20200622_203319(4),2,3,"[363.777587890625,204.78756713867188,377.0126037597656,219.00892639160156]",0.35619696974754333,0.6375520876697165,DUPLICATE_EXCESS,0.25,False,False,3호기(2020.09.22),20200622,576x444,198.98739624023438,0.0,1.787567138671875,25.0,8.544213482270374,"Product region and repair relation are heuristic diagnostics, not product GT."
001_20200622_203319(4),2,4,"[373.3349609375,273.35040283203125,387.31121826171875,288.9144592285156]",0.29308706521987915,0.45971250354771537,LOCALIZATION_FALSE_POSITIVE,0.25,False,False,3호기(2020.09.22),20200622,576x444,155.08554077148438,0.0,0.68878173828125,26.0,6.836276589355781,"Product region and repair relation are heuristic diagnostics, not product GT."
001_20200623_203247(5),2,3,"[349.324951171875,258.29168701171875,365.0037536621094,274.5412902832031]",0.34058624505996704,0.7672886350094253,DUPLICATE_EXCESS,0.25,False,False,3호기(2020.09.22),20200623,576x444,169.45870971679688,0.0,0.996246337890625,20.0,5.53574672475124,"Product region and repair relation are heuristic diagnostics, not product GT."
001_20200623_203247(5),2,4,"[343.295654296875,180.88021850585938,355.4574279785156,194.2462921142578]",0.2834252417087555,0.5046780334963712,DUPLICATE_EXCESS,0.25,False,False,3호기(2020.09.22),20200623,576x444,180.88021850585938,0.0,1.880218505859375,26.0,9.422596088469158,"Product region and repair relation are heuristic diagnostics, not product GT."
001_20200624_162821(2),2,3,"[351.0474548339844,220.20704650878906,365.4054870605469,235.03396606445312]",0.25379642844200134,0.6414589790135615,DUPLICATE_EXCESS,0.25,False,False,3호기(2020.09.22),20200624,576x444,208.96603393554688,0.0,1.2070465087890625,24.0,7.169659427648766,"Product region and repair relation are heuristic diagnostics, not product GT."
001_20200625_003507(0),2,3,"[342.864990234375,175.01873779296875,355.4498291015625,189.2109832763672]",0.2579399049282074,0.6922958407091696,DUPLICATE_EXCESS,0.25,False,False,3호기(2020.09.22),20200625,576x444,175.01873779296875,0.5501708984375,2.5501708984375,30.0,9.150488727324584,"Product region and repair relation are heuristic diagnostics, not product GT."
001_20200625_003515(9),2,3,"[348.8780822753906,230.8876190185547,363.5392761230469,246.70655822753906]",0.41499656438827515,0.6339616067771225,DUPLICATE_EXCESS,0.25,False,False,3호기(2020.09.22),20200625,576x444,197.29344177246094,0.0,0.460723876953125,22.0,5.5271568241418985,"Product region and repair relation are heuristic diagnostics, not product GT."
001_20200629_123111(6),2,3,"[348.10748291015625,158.7279510498047,361.9624938964844,173.845458984375]",0.27638888359069824,0.5648898612063774,DUPLICATE_EXCESS,0.25,False,False,3호기(2020.09.22),20200629,576x444,158.7279510498047,0.037506103515625,2.037506103515625,23.0,8.013674804772979,"Product region and repair relation are heuristic diagnostics, not product GT."
001_20200810_163116(0),2,0,"[322.65240478515625,191.15003967285156,334.5141296386719,204.05892944335938]",0.5631588697433472,0.49343922707754767,LOCALIZATION_FALSE_POSITIVE,0.25,False,False,3호기(2020.09.22),20200810,576x444,191.15003967285156,0.0,1.941070556640625,28.0,5.558830264939745,"Product region and repair relation are heuristic diagnostics, not product GT."
001_20200819_162723(4),2,0,"[313.8472595214844,156.67739868164062,326.2398986816406,169.2580108642578]",0.5656197667121887,0.4959703850740886,LOCALIZATION_FALSE_POSITIVE,0.25,False,False,3호기(2020.09.22),20200819,576x444,156.67739868164062,0.0,1.760101318359375,27.0,5.208044288231232,"Product region and repair relation are heuristic diagnostics, not product GT."
001_20200821_163349(7),2,1,"[318.745361328125,215.25111389160156,329.07159423828125,226.41079711914062]",0.32386690378189087,0.6724999727913411,DUPLICATE_EXCESS,0.25,False,False,3호기(2020.09.22),20200821,576x444,215.25111389160156,0.0,1.589202880859375,27.0,20.206982191872946,"Product region and repair relation are heuristic diagnostics, not product GT."
002_20200623_203040(4),2,0,"[197.3061981201172,202.26182556152344,206.17359924316406,211.50689697265625]",0.5835394263267517,0.47459250660973806,LOCALIZATION_FALSE_POSITIVE,0.25,False,False,1호기(2020.09.22),20200623,352x332,120.49310302734375,2.49310302734375,4.49310302734375,42.0,10.8248313252998,"Product region and repair relation are heuristic diagnostics, not product GT."
002_20200624_003136(5),2,1,"[142.9050750732422,143.65077209472656,152.6892852783203,153.63893127441406]",0.6343000531196594,0.465363090361158,LOCALIZATION_FALSE_POSITIVE,0.25,False,False,2호기(2020.09.22),20200624,316x332,142.9050750732422,2.3610687255859375,4.3610687255859375,31.0,4.38884394699911,"Product region and repair relation are heuristic diagnostics, not product GT."
001_20200629_082834(2),3,2,"[347.3527526855469,257.4464111328125,358.7838134765625,268.8729553222656]",0.5063258409500122,0.3628264479468457,LOCALIZATION_FALSE_POSITIVE,0.25,False,True,3호기(2020.09.22),20200629,576x444,175.12704467773438,30.4464111328125,29.4464111328125,19.0,4.783691007687449,"Product region and repair relation are heuristic diagnostics, not product GT."
002_20200623_043109(4),3,2,"[153.39431762695312,201.72219848632812,163.47689819335938,211.91729736328125]",0.6401535272598267,0.49745948693815933,LOCALIZATION_FALSE_POSITIVE,0.25,False,False,2호기(2020.09.22),20200623,316x332,120.08270263671875,2.08270263671875,4.08270263671875,27.0,4.312320766108454,"Product region and repair relation are heuristic diagnostics, not product GT."
002_20200623_123055(5),3,0,"[145.3280792236328,152.11996459960938,155.05104064941406,162.06011962890625]",0.6679531931877136,0.0,BACKGROUND_FALSE_POSITIVE,0.25,False,False,2호기(2020.09.22),20200623,316x332,145.3280792236328,1.93988037109375,3.93988037109375,27.0,4.399689161087665,"Product region and repair relation are heuristic diagnostics, not product GT."
002_20200624_123122(6),3,2,"[202.44180297851562,202.03265380859375,211.0614013671875,210.70394897460938]",0.6122421622276306,0.46546095842842716,LOCALIZATION_FALSE_POSITIVE,0.25,False,False,1호기(2020.09.22),20200624,352x332,121.29605102539062,2.9385986328125,4.9385986328125,38.75,11.45735080895745,"Product region and repair relation are heuristic diagnostics, not product GT."
001_20200623_163222(9),4,0,"[352.8178405761719,246.04562377929688,365.0662841796875,258.7441711425781]",0.5794601440429688,0.49376965468483447,LOCALIZATION_FALSE_POSITIVE,0.25,False,False,3호기(2020.09.22),20200623,576x444,185.25582885742188,0.9337158203125,3.1912058275024155,26.0,10.282046896973387,"Product region and repair relation are heuristic diagnostics, not product GT."
001_20200624_123322(3),4,2,"[367.6125183105469,211.58560180664062,379.0513916015625,224.11474609375]",0.5463932156562805,0.49763643730936263,LOCALIZATION_FALSE_POSITIVE,0.25,False,False,3호기(2020.09.22),20200624,576x444,196.9486083984375,0.0,1.88525390625,28.0,7.3845223158570885,"Product region and repair relation are heuristic diagnostics, not product GT."
001_20200624_203225(8),4,3,"[499.1535949707031,253.37619018554688,510.8992919921875,264.618408203125]",0.3760683536529541,0.0,BACKGROUND_FALSE_POSITIVE,0.25,False,True,3호기(2020.09.22),20200624,576x444,65.1007080078125,120.15359497070312,23.1007080078125,15.25,4.430983696064667,"Product region and repair relation are heuristic diagnostics, not product GT."
002_20200622_203136(3),4,0,"[164.29161071777344,140.53245544433594,175.02085876464844,151.64993286132812]",0.6347445249557495,0.49894143213329256,LOCALIZATION_FALSE_POSITIVE,0.25,False,False,2호기(2020.09.22),20200622,316x332,140.53245544433594,1.5324554443359375,3.5324554443359375,28.0,4.0803310083880255,"Product region and repair relation are heuristic diagnostics, not product GT."
002_20200622_203149(8),4,3,"[156.4842529296875,166.97396850585938,165.415771484375,175.84405517578125]",0.3640994131565094,0.688554740789029,DUPLICATE_EXCESS,0.25,False,False,2호기(2020.09.22),20200622,316x332,150.584228515625,2.15594482421875,4.15594482421875,24.25,4.760912736398791,"Product region and repair relation are heuristic diagnostics, not product GT."
002_20200622_203149(8),4,4,"[155.15045166015625,143.62225341796875,164.7027130126953,153.06076049804688]",0.2819230258464813,0.706677952072902,DUPLICATE_EXCESS,0.25,False,False,2호기(2020.09.22),20200622,316x332,143.62225341796875,2.15045166015625,4.15045166015625,27.0,4.350754201224456,"Product region and repair relation are heuristic diagnostics, not product GT."
002_20200624_003123(1),4,3,"[193.3991241455078,143.13217163085938,201.316650390625,151.87489318847656]",0.2690242826938629,0.46651727458033027,LOCALIZATION_FALSE_POSITIVE,0.25,False,False,1호기(2020.09.22),20200624,352x332,143.13217163085938,2.132171630859375,4.132171630859375,41.0,11.702453229128285,"Product region and repair relation are heuristic diagnostics, not product GT."
002_20200624_203017(4),4,1,"[195.73904418945312,127.73294067382812,204.5740203857422,137.1150360107422]",0.6052245497703552,0.4699543571868251,LOCALIZATION_FALSE_POSITIVE,0.25,False,False,1호기(2020.09.22),20200624,352x332,127.73294067382812,2.739044189453125,4.739044189453125,35.0,11.241846288033523,"Product region and repair relation are heuristic diagnostics, not product GT."
002_20200629_163659(7),4,2,"[146.33778381347656,161.91671752929688,157.12745666503906,172.73245239257812]",0.6024006009101868,0.4198863637874527,LOCALIZATION_FALSE_POSITIVE,0.25,False,False,2호기(2020.09.22),20200629,316x332,146.33778381347656,1.267547607421875,3.267547607421875,27.0,4.108924934316978,"Product region and repair relation are heuristic diagnostics, not product GT."
002_20200629_163711(8),4,0,"[156.77407836914062,198.95230102539062,167.6937255859375,209.9222869873047]",0.6760361790657043,0.49506376319376255,LOCALIZATION_FALSE_POSITIVE,0.25,False,False,2호기(2020.09.22),20200629,316x332,122.07771301269531,1.774078369140625,3.774078369140625,24.25,3.7027032784064784,"Product region and repair relation are heuristic diagnostics, not product GT."
002_20200629_163711(8),4,3,"[154.7060089111328,167.23484802246094,163.8487548828125,176.36123657226562]",0.3253870904445648,0.7268818310279226,DUPLICATE_EXCESS,0.25,False,False,2호기(2020.09.22),20200629,316x332,152.1512451171875,1.638763427734375,3.638763427734375,25.0,4.08187627032672,"Product region and repair relation are heuristic diagnostics, not product GT."
