feature,group,image_count,object_count,tp,fn,recall,notes
machine,1호기(2020.09.22),156,404,398,6,0.9851485148514851,Descriptive association only; acquisition factors are confounded.
machine,2호기(2020.09.22),177,376,370,6,0.9840425531914894,Descriptive association only; acquisition factors are confounded.
machine,3호기(2020.09.22),167,367,353,14,0.9618528610354223,Descriptive association only; acquisition factors are confounded.
date,20200622,18,54,50,4,0.9259259259259259,Descriptive association only; acquisition factors are confounded.
date,20200623,108,323,317,6,0.9814241486068112,Descriptive association only; acquisition factors are confounded.
date,20200624,104,312,305,7,0.9775641025641025,Descriptive association only; acquisition factors are confounded.
date,20200625,30,90,90,0,1.0,Descriptive association only; acquisition factors are confounded.
date,20200629,34,102,99,3,0.9705882352941176,Descriptive association only; acquisition factors are confounded.
date,20200714,25,75,74,1,0.9866666666666667,Descriptive association only; acquisition factors are confounded.
date,20200715,5,15,15,0,1.0,Descriptive association only; acquisition factors are confounded.
date,20200727,2,2,1,1,0.5,Descriptive association only; acquisition factors are confounded.
date,20200728,10,10,10,0,1.0,Descriptive association only; acquisition factors are confounded.
date,20200810,7,7,6,1,0.8571428571428571,Descriptive association only; acquisition factors are confounded.
date,20200811,4,4,4,0,1.0,Descriptive association only; acquisition factors are confounded.
date,20200814,11,11,11,0,1.0,Descriptive association only; acquisition factors are confounded.
date,20200815,2,2,2,0,1.0,Descriptive association only; acquisition factors are confounded.
date,20200818,7,7,7,0,1.0,Descriptive association only; acquisition factors are confounded.
date,20200819,9,9,7,2,0.7777777777777778,Descriptive association only; acquisition factors are confounded.
date,20200821,4,4,4,0,1.0,Descriptive association only; acquisition factors are confounded.
date,20200826,6,6,5,1,0.8333333333333334,Descriptive association only; acquisition factors are confounded.
date,20200831,7,7,7,0,1.0,Descriptive association only; acquisition factors are confounded.
date,20200901,28,28,28,0,1.0,Descriptive association only; acquisition factors are confounded.
date,20200904,3,3,3,0,1.0,Descriptive association only; acquisition factors are confounded.
date,20200905,51,51,51,0,1.0,Descriptive association only; acquisition factors are confounded.
date,20200906,12,12,12,0,1.0,Descriptive association only; acquisition factors are confounded.
date,20200907,11,11,11,0,1.0,Descriptive association only; acquisition factors are confounded.
date,20200922,2,2,2,0,1.0,Descriptive association only; acquisition factors are confounded.
resolution,316x332,209,408,402,6,0.9852941176470589,Descriptive association only; acquisition factors are confounded.
resolution,352x332,124,372,366,6,0.9838709677419355,Descriptive association only; acquisition factors are confounded.
resolution,576x444,167,367,353,14,0.9618528610354223,Descriptive association only; acquisition factors are confounded.
