feature,status,value_n,value_median,value_q25,value_q75,notes
bbox_min_side_px,TP,1121,10.0,8.0,11.0,Observed OOF status distribution; image-derived associations do not establish causality.
bbox_min_side_px,FN,26,9.5,7.0,13.749999999999998,Observed OOF status distribution; image-derived associations do not establish causality.
bbox_area_ratio,TP,1121,0.0007625438462711606,0.0006099849849849849,0.0009436480097605612,Observed OOF status distribution; image-derived associations do not establish causality.
bbox_area_ratio,FN,26,0.0005854473706101736,0.0003460491741741742,0.001363668355855856,Observed OOF status distribution; image-derived associations do not establish causality.
bbox_center_x_norm,TP,1121,0.5838068181818182,0.5395569620253164,0.6163194444444444,Observed OOF status distribution; image-derived associations do not establish causality.
bbox_center_x_norm,FN,26,0.578125,0.5544704861111112,0.6200086805555556,Observed OOF status distribution; image-derived associations do not establish causality.
bbox_center_y_norm,TP,1121,0.4988738738738739,0.4397590361445783,0.5557228915662651,Observed OOF status distribution; image-derived associations do not establish causality.
bbox_center_y_norm,FN,26,0.4814189189189189,0.43834459459459457,0.5869932432432432,Observed OOF status distribution; image-derived associations do not establish causality.
image_edge_distance_px,TP,1121,143.0,127.0,159.0,Observed OOF status distribution; image-derived associations do not establish causality.
image_edge_distance_px,FN,26,148.0,130.0,188.25,Observed OOF status distribution; image-derived associations do not establish causality.
product_edge_distance_px,TP,1121,48.52319,43.545953,57.519562,Observed OOF status distribution; image-derived associations do not establish causality.
product_edge_distance_px,FN,26,47.081965,45.633241,53.77615525,Observed OOF status distribution; image-derived associations do not establish causality.
absolute_median_difference,TP,1121,8.0,4.0,11.5,Observed OOF status distribution; image-derived associations do not establish causality.
absolute_median_difference,FN,26,9.0,3.25,21.0,Observed OOF status distribution; image-derived associations do not establish causality.
signed_median_difference,TP,1121,-8.0,-11.5,-4.0,Observed OOF status distribution; image-derived associations do not establish causality.
signed_median_difference,FN,26,-9.0,-21.0,-3.0,Observed OOF status distribution; image-derived associations do not establish causality.
cnr_like_robust,TP,1121,0.82111914,0.52460388,1.2140832,Observed OOF status distribution; image-derived associations do not establish causality.
cnr_like_robust,FN,26,0.99300018,0.40890997250000005,1.4688909,Observed OOF status distribution; image-derived associations do not establish causality.
bbox_aspect_ratio,TP,1121,1.0,0.8571428571428572,1.1111111111111112,Observed OOF status distribution; image-derived associations do not establish causality.
bbox_aspect_ratio,FN,26,1.0,0.7791666666666667,1.106060606060606,Observed OOF status distribution; image-derived associations do not establish causality.
object_iqr,TP,1121,11.0,8.0,14.25,Observed OOF status distribution; image-derived associations do not establish causality.
object_iqr,FN,26,12.0,9.25,15.0,Observed OOF status distribution; image-derived associations do not establish causality.
background_gradient_mean,TP,1121,4.3567637,3.107337,5.3083871,Observed OOF status distribution; image-derived associations do not establish causality.
background_gradient_mean,FN,26,4.28800315,3.1972658750000003,5.00248875,Observed OOF status distribution; image-derived associations do not establish causality.
background_iqr,TP,1121,13.0,10.5,19.0,Observed OOF status distribution; image-derived associations do not establish causality.
background_iqr,FN,26,15.125,11.1875,20.0,Observed OOF status distribution; image-derived associations do not establish causality.
native_bbox_min_side_px,TP,1121,10.0,8.0,11.0,Observed OOF status distribution; image-derived associations do not establish causality.
native_bbox_min_side_px,FN,26,9.5,7.0,13.749999999999998,Observed OOF status distribution; image-derived associations do not establish causality.
projected_bbox_min_side_px,TP,1121,15.421686746987952,13.333333333333334,17.349397590361445,Observed OOF status distribution; image-derived associations do not establish causality.
projected_bbox_min_side_px,FN,26,12.727272727272727,9.318181818181817,20.0,Observed OOF status distribution; image-derived associations do not establish causality.
