confidence_threshold,iou_threshold,tp,fp,fn,precision,recall,f1
0.0,0.5,287,939,3,0.23409461663947798,0.9896551724137931,0.3786279683377308
0.05,0.5,287,128,3,0.691566265060241,0.9896551724137931,0.8141843971631206
0.1,0.5,286,83,4,0.7750677506775068,0.9862068965517241,0.8679817905918058
0.15,0.5,285,49,5,0.8532934131736527,0.9827586206896551,0.9134615384615385
0.2,0.5,285,28,5,0.9105431309904153,0.9827586206896551,0.945273631840796
0.25,0.5,285,20,5,0.9344262295081968,0.9827586206896551,0.9579831932773109
0.3,0.5,285,9,5,0.9693877551020408,0.9827586206896551,0.9760273972602739
0.35,0.5,285,5,5,0.9827586206896551,0.9827586206896551,0.9827586206896551
0.4,0.5,285,5,5,0.9827586206896551,0.9827586206896551,0.9827586206896551
0.45,0.5,285,5,5,0.9827586206896551,0.9827586206896551,0.9827586206896551
0.5,0.5,285,5,5,0.9827586206896551,0.9827586206896551,0.9827586206896551
0.55,0.5,284,5,6,0.9826989619377162,0.9793103448275862,0.9810017271157168
0.6,0.5,255,4,35,0.9845559845559846,0.8793103448275862,0.9289617486338798
0.65,0.5,118,1,172,0.9915966386554622,0.4068965517241379,0.5770171149144254
0.7,0.5,25,0,265,1.0,0.08620689655172414,0.15873015873015872
0.75,0.5,1,0,289,1.0,0.0034482758620689655,0.006872852233676977
0.8,0.5,0,0,290,0.0,0.0,0.0
0.85,0.5,0,0,290,0.0,0.0,0.0
0.9,0.5,0,0,290,0.0,0.0,0.0
0.95,0.5,0,0,290,0.0,0.0,0.0
