image_id,fold_id,max_confidence,prediction_count,reporting_confidence
001_20200622_203305(8),2,0.6054114103317261,4,0.25
001_20200622_203309(1),2,0.588650107383728,3,0.25
001_20200622_203312(6),2,0.6081544160842896,3,0.25
001_20200622_203316(0),2,0.614915132522583,3,0.25
001_20200622_203319(4),2,0.5978298783302307,5,0.25
001_20200622_203330(3),1,0.6395168900489807,3,0.25
001_20200623_003516(8),1,0.5492848753929138,5,0.25
001_20200623_003520(5),1,0.648556113243103,3,0.25
001_20200623_003524(0),1,0.591219961643219,4,0.25
001_20200623_003529(0),1,0.6250555515289307,4,0.25
001_20200623_003532(5),1,0.614274263381958,3,0.25
001_20200623_003536(0),1,0.6158074140548706,3,0.25
001_20200623_043227(1),4,0.6105455160140991,3,0.25
001_20200623_043231(6),4,0.5910277366638184,3,0.25
001_20200623_043236(1),4,0.5913540720939636,3,0.25
001_20200623_043240(6),4,0.5760154724121094,3,0.25
001_20200623_043245(2),4,0.5736896991729736,3,0.25
001_20200623_043249(6),4,0.5725510120391846,3,0.25
001_20200623_082407(9),1,0.6149415373802185,3,0.25
001_20200623_082411(0),1,0.5534229278564453,3,0.25
001_20200623_082414(1),1,0.6399464011192322,3,0.25
001_20200623_082416(7),1,0.6057453155517578,3,0.25
001_20200623_082419(6),1,0.6029384136199951,3,0.25
001_20200623_082422(5),1,0.6072351932525635,3,0.25
001_20200623_123214(3),3,0.6157045364379883,3,0.25
001_20200623_123223(3),3,0.6420573592185974,3,0.25
001_20200623_123232(3),3,0.6301698684692383,3,0.25
001_20200623_123236(9),3,0.5959702730178833,3,0.25
001_20200623_123241(3),3,0.5688703060150146,3,0.25
001_20200623_123245(8),3,0.6175863146781921,3,0.25
001_20200623_163159(5),4,0.5913139581680298,3,0.25
001_20200623_163209(3),4,0.586918294429779,3,0.25
001_20200623_163212(9),4,0.5916186571121216,3,0.25
001_20200623_163216(2),4,0.5977211594581604,3,0.25
001_20200623_163219(5),4,0.5901194214820862,3,0.25
001_20200623_163222(9),4,0.5794601440429688,3,0.25
001_20200623_203217(4),3,0.5804101228713989,3,0.25
001_20200623_203222(0),3,0.6003220081329346,3,0.25
001_20200623_203226(3),3,0.6043277978897095,3,0.25
001_20200623_203230(9),3,0.6437856554985046,3,0.25
001_20200623_203235(3),3,0.5878617763519287,3,0.25
001_20200623_203247(5),2,0.6191551685333252,5,0.25
001_20200624_003240(4),2,0.6054354906082153,3,0.25
001_20200624_003244(2),2,0.6267122626304626,3,0.25
001_20200624_003247(7),2,0.5742120742797852,3,0.25
001_20200624_003251(1),2,0.6115772724151611,3,0.25
001_20200624_003254(3),2,0.6223066449165344,3,0.25
001_20200624_003303(5),2,0.6169916987419128,3,0.25
001_20200624_043315(2),1,0.6539891362190247,3,0.25
001_20200624_043324(2),1,0.6607598662376404,3,0.25
001_20200624_043328(7),1,0.5990066528320312,3,0.25
001_20200624_043333(2),1,0.5914835929870605,3,0.25
001_20200624_043337(8),1,0.6004103422164917,3,0.25
001_20200624_043349(7),3,0.561846911907196,3,0.25
001_20200624_083150(7),1,0.606736958026886,3,0.25
001_20200624_083153(8),1,0.6107593178749084,3,0.25
001_20200624_083156(9),1,0.5819402933120728,3,0.25
001_20200624_083159(6),1,0.6215749979019165,3,0.25
001_20200624_083202(6),1,0.5681794881820679,5,0.25
001_20200624_083205(7),1,0.6182470917701721,3,0.25
001_20200624_123313(4),4,0.5667422413825989,3,0.25
001_20200624_123317(8),4,0.5946792960166931,3,0.25
001_20200624_123322(3),4,0.6032522916793823,3,0.25
001_20200624_123326(6),4,0.5736389756202698,3,0.25
001_20200624_123331(2),4,0.5701652765274048,2,0.25
001_20200624_123335(6),4,0.58050137758255,3,0.25
001_20200624_162816(3),2,0.5787315964698792,3,0.25
001_20200624_162821(2),2,0.5812384486198425,4,0.25
001_20200624_162831(2),2,0.5823177695274353,3,0.25
001_20200624_162835(8),2,0.6053856015205383,3,0.25
001_20200624_203149(7),4,0.5830348134040833,3,0.25
001_20200624_203154(3),4,0.5974835753440857,3,0.25
001_20200624_203203(1),4,0.5914997458457947,3,0.25
001_20200624_203207(8),4,0.6009804010391235,3,0.25
001_20200624_203212(2),4,0.5904005765914917,3,0.25
001_20200624_203225(8),4,0.5918412208557129,4,0.25
001_20200625_003507(0),2,0.5995902419090271,4,0.25
001_20200625_003511(4),2,0.6160023808479309,3,0.25
001_20200625_003515(9),2,0.5989606380462646,4,0.25
001_20200625_003520(4),2,0.6037630438804626,3,0.25
001_20200625_003524(9),2,0.5858475565910339,3,0.25
001_20200625_003529(2),2,0.6098319292068481,3,0.25
001_20200625_043323(7),3,0.5784863233566284,3,0.25
001_20200625_043328(3),3,0.598899245262146,3,0.25
001_20200625_043337(3),3,0.6019816398620605,3,0.25
001_20200625_043341(7),3,0.6090569496154785,3,0.25
001_20200625_043346(2),3,0.6165224313735962,3,0.25
001_20200625_043359(8),4,0.5822288990020752,3,0.25
001_20200629_082825(1),3,0.6146438717842102,3,0.25
001_20200629_082828(0),3,0.6020672917366028,3,0.25
001_20200629_082831(0),3,0.5880768895149231,3,0.25
001_20200629_082834(2),3,0.5780946612358093,3,0.25
001_20200629_082837(2),3,0.6032637357711792,3,0.25
001_20200629_082840(2),3,0.6022822856903076,3,0.25
001_20200629_082905(4),2,0.5707433223724365,3,0.25
001_20200629_123107(1),2,0.6030687689781189,3,0.25
001_20200629_123111(6),2,0.6131250858306885,4,0.25
001_20200629_123116(1),2,0.6179378032684326,3,0.25
001_20200629_123120(6),2,0.5807491540908813,3,0.25
001_20200629_123125(2),2,0.585367739200592,3,0.25
001_20200727_204954(7),1,0.5658974051475525,1,0.25
001_20200727_204958(2),1,0.5527318716049194,1,0.25
001_20200728_014351(3),2,0.559376060962677,1,0.25
001_20200728_014355(2),2,0.5503690242767334,1,0.25
001_20200728_043138(3),3,0.5600963830947876,1,0.25
001_20200728_043141(5),3,0.5403591394424438,1,0.25
001_20200728_083108(2),4,0.5599772930145264,1,0.25
001_20200728_083116(1),4,0.4712013900279999,1,0.25
001_20200728_123129(2),1,0.6238719820976257,1,0.25
001_20200728_123132(4),1,0.5949135422706604,1,0.25
001_20200728_163910(5),3,0.5040857195854187,1,0.25
001_20200728_163913(6),3,0.5662513375282288,1,0.25
001_20200810_085043(8),3,0.5087297558784485,1,0.25
001_20200810_123047(8),4,0.5871161818504333,1,0.25
001_20200810_123051(3),4,0.5626388788223267,1,0.25
001_20200810_163112(8),2,0.5371502041816711,1,0.25
001_20200810_163116(0),2,0.5631588697433472,1,0.25
001_20200810_203208(7),1,0.6117447018623352,1,0.25
001_20200810_203212(6),1,0.5975340008735657,1,0.25
001_20200811_003323(2),4,0.5767409801483154,1,0.25
001_20200811_003327(0),4,0.5342593193054199,1,0.25
001_20200811_043037(3),1,0.6186348795890808,1,0.25
001_20200811_043041(6),1,0.5876279473304749,1,0.25
001_20200814_033012(7),2,0.569843053817749,1,0.25
001_20200814_033016(6),2,0.6159019470214844,1,0.25
001_20200814_043321(6),4,0.5709021687507629,1,0.25
001_20200814_083045(8),4,0.5482767224311829,1,0.25
001_20200814_083051(9),4,0.5250846147537231,1,0.25
001_20200814_123136(2),3,0.49736547470092773,1,0.25
001_20200814_123143(5),3,0.4974287152290344,1,0.25
001_20200814_163101(7),1,0.5854083299636841,1,0.25
001_20200814_163105(1),1,0.5847102999687195,1,0.25
001_20200814_203438(9),2,0.5589891076087952,1,0.25
001_20200814_203442(4),2,0.5275499820709229,1,0.25
001_20200815_003438(6),4,0.5549253821372986,1,0.25
001_20200815_003529(0),3,0.5556718707084656,1,0.25
001_20200818_083145(2),2,0.5513437986373901,1,0.25
001_20200818_083159(7),1,0.5690127611160278,1,0.25
001_20200818_123634(4),1,0.53627610206604,1,0.25
001_20200818_163230(6),3,0.5195929408073425,1,0.25
001_20200818_163233(9),3,0.5288282036781311,1,0.25
001_20200818_203601(4),4,0.5673561692237854,1,0.25
001_20200818_203607(4),4,0.5518208146095276,1,0.25
001_20200819_003039(4),2,0.5681923627853394,1,0.25
001_20200819_003044(1),2,0.6001101136207581,1,0.25
001_20200819_043209(9),3,0.5734057426452637,1,0.25
001_20200819_043216(0),3,0.5092142820358276,1,0.25
001_20200819_083353(5),4,0.523219108581543,1,0.25
001_20200819_083401(0),4,0.555694043636322,1,0.25
001_20200819_124414(0),1,0.59880530834198,1,0.25
001_20200819_124415(9),1,0.5406685471534729,1,0.25
001_20200819_162723(4),2,0.5656197667121887,1,0.25
001_20200821_150525(5),3,0.5363909006118774,1,0.25
001_20200821_150529(4),3,0.5428788661956787,1,0.25
001_20200821_163349(7),2,0.502030611038208,2,0.25
001_20200821_163353(8),2,0.5669251084327698,1,0.25
001_20200826_023328(3),4,0.5631370544433594,1,0.25
001_20200826_023332(5),4,0.5367094278335571,1,0.25
001_20200826_043252(8),3,0.5295156836509705,1,0.25
001_20200826_043255(8),3,0.5315489768981934,1,0.25
001_20200826_123711(3),1,0.5945974588394165,1,0.25
001_20200826_123714(5),1,0.44817298650741577,1,0.25
001_20200831_083711(6),1,0.5258603096008301,1,0.25
001_20200831_083714(8),1,0.563627302646637,1,0.25
001_20200831_123316(5),4,0.5763629078865051,1,0.25
001_20200922_163332(2),3,0.5905433297157288,1,0.25
001_20200922_163335(3),3,0.5978431701660156,1,0.25
002_20200622_203053(2),3,0.6367277503013611,3,0.25
002_20200622_203057(3),3,0.6531659960746765,3,0.25
002_20200622_203101(3),3,0.6115908622741699,3,0.25
002_20200622_203105(4),3,0.6417087912559509,3,0.25
002_20200622_203109(3),3,0.6236450672149658,3,0.25
002_20200622_203121(4),1,0.6830407381057739,3,0.25
002_20200622_203136(3),4,0.6347445249557495,3,0.25
002_20200622_203140(8),4,0.6898559927940369,3,0.25
002_20200622_203145(3),4,0.654103696346283,3,0.25
002_20200622_203149(8),4,0.6167160868644714,5,0.25
002_20200622_203154(3),4,0.6219952702522278,3,0.25
002_20200622_203158(8),4,0.6810524463653564,3,0.25
002_20200623_003346(4),2,0.6029564142227173,3,0.25
002_20200623_003350(4),2,0.5854767560958862,3,0.25
002_20200623_003351(2),4,0.6731610894203186,3,0.25
002_20200623_003354(3),2,0.5808671712875366,3,0.25
002_20200623_003355(7),4,0.6533852219581604,3,0.25
002_20200623_003358(2),2,0.6161020994186401,3,0.25
002_20200623_003400(2),4,0.644599437713623,3,0.25
002_20200623_003402(2),2,0.6220309734344482,3,0.25
002_20200623_003404(7),4,0.651944100856781,3,0.25
002_20200623_003409(2),4,0.6650418639183044,3,0.25
002_20200623_003410(2),2,0.5689208507537842,3,0.25
002_20200623_003413(7),4,0.6870762705802917,3,0.25
002_20200623_043039(3),4,0.5910472869873047,3,0.25
002_20200623_043043(2),4,0.6233130693435669,3,0.25
002_20200623_043047(2),4,0.6329330801963806,3,0.25
002_20200623_043051(3),4,0.6101227402687073,3,0.25
002_20200623_043055(3),4,0.6144522428512573,3,0.25
002_20200623_043056(0),3,0.6601670384407043,3,0.25
002_20200623_043059(4),4,0.6188260912895203,3,0.25
002_20200623_043100(6),3,0.7300326228141785,3,0.25
002_20200623_043105(0),3,0.6759334206581116,3,0.25
002_20200623_043109(4),3,0.689443051815033,3,0.25
002_20200623_043115(4),3,0.6532453298568726,3,0.25
002_20200623_043120(0),3,0.6580287218093872,3,0.25
002_20200623_082249(3),1,0.6825476884841919,3,0.25
002_20200623_082253(8),1,0.7008756399154663,3,0.25
002_20200623_082258(4),1,0.6651395559310913,3,0.25
002_20200623_082258(6),1,0.6542961597442627,3,0.25
002_20200623_082302(6),1,0.6386253237724304,3,0.25
002_20200623_082302(7),1,0.6881357431411743,3,0.25
002_20200623_082306(5),1,0.6390460729598999,3,0.25
002_20200623_082307(2),1,0.6572712063789368,3,0.25
002_20200623_082310(6),1,0.6429895758628845,3,0.25
002_20200623_082311(8),1,0.7014483213424683,3,0.25
002_20200623_082314(4),1,0.7011082768440247,3,0.25
002_20200623_082318(5),1,0.6863129734992981,3,0.25
002_20200623_123032(7),3,0.6444010734558105,3,0.25
002_20200623_123036(5),3,0.615121066570282,3,0.25
002_20200623_123040(5),3,0.647092878818512,3,0.25
002_20200623_123042(0),3,0.6778475642204285,3,0.25
002_20200623_123044(3),3,0.6398922801017761,3,0.25
002_20200623_123046(4),3,0.6650378704071045,3,0.25
002_20200623_123048(4),3,0.6929079294204712,3,0.25
002_20200623_123051(1),3,0.6649079918861389,3,0.25
002_20200623_123052(5),3,0.6264991164207458,3,0.25
002_20200623_123055(5),3,0.6679531931877136,3,0.25
002_20200623_123100(0),3,0.6502248644828796,3,0.25
002_20200623_123104(5),3,0.6890688538551331,3,0.25
002_20200623_163020(3),2,0.6762205362319946,3,0.25
002_20200623_163023(3),2,0.6209208369255066,3,0.25
002_20200623_163026(3),2,0.6847463846206665,3,0.25
002_20200623_163029(6),2,0.6675029397010803,3,0.25
002_20200623_163032(5),2,0.6450919508934021,3,0.25
002_20200623_163035(5),2,0.6555264592170715,3,0.25
002_20200623_163039(5),2,0.5890722274780273,3,0.25
002_20200623_163043(7),2,0.5914098620414734,3,0.25
002_20200623_163047(6),2,0.5745707750320435,3,0.25
002_20200623_163051(7),2,0.5602993965148926,3,0.25
002_20200623_163055(6),2,0.5911448001861572,3,0.25
002_20200623_163059(6),2,0.5999812483787537,3,0.25
002_20200623_203033(6),3,0.6919392347335815,3,0.25
002_20200623_203038(0),3,0.6595976948738098,3,0.25
002_20200623_203040(4),2,0.5835394263267517,3,0.25
002_20200623_203042(5),3,0.675430178642273,3,0.25
002_20200623_203044(0),2,0.6264529824256897,3,0.25
002_20200623_203047(0),3,0.7125024199485779,3,0.25
002_20200623_203047(7),2,0.5599053502082825,3,0.25
002_20200623_203050(0),3,0.6684210896492004,3,0.25
002_20200623_203051(2),2,0.584656298160553,3,0.25
002_20200623_203054(6),3,0.633393406867981,3,0.25
002_20200623_203054(7),2,0.5827211141586304,3,0.25
002_20200623_203058(3),2,0.5722612142562866,3,0.25
002_20200624_003107(0),4,0.6106790900230408,3,0.25
002_20200624_003111(0),4,0.6061351299285889,3,0.25
002_20200624_003115(1),4,0.6270813941955566,3,0.25
002_20200624_003115(6),2,0.685189425945282,3,0.25
002_20200624_003118(6),2,0.6644299626350403,3,0.25
002_20200624_003119(1),4,0.6228590607643127,3,0.25
002_20200624_003123(0),2,0.6737218499183655,3,0.25
002_20200624_003123(1),4,0.6023164987564087,4,0.25
002_20200624_003127(0),4,0.6377171277999878,3,0.25
002_20200624_003127(5),2,0.6570157408714294,3,0.25
002_20200624_003132(0),2,0.6889006495475769,3,0.25
002_20200624_003136(5),2,0.664640486240387,3,0.25
002_20200624_043128(1),2,0.5591092705726624,3,0.25
002_20200624_043132(2),2,0.599581778049469,3,0.25
002_20200624_043136(1),2,0.5886439085006714,3,0.25
002_20200624_043136(9),2,0.6813486218452454,3,0.25
002_20200624_043140(2),2,0.5818691253662109,3,0.25
002_20200624_043141(4),2,0.6651948094367981,3,0.25
002_20200624_043144(2),2,0.5677394270896912,3,0.25
002_20200624_043145(8),2,0.6595615148544312,3,0.25
002_20200624_043148(1),2,0.5981357097625732,3,0.25
002_20200624_043150(3),2,0.6638509631156921,3,0.25
002_20200624_043154(8),2,0.6515147089958191,3,0.25
002_20200624_043159(4),2,0.6680418252944946,3,0.25
002_20200624_083032(4),4,0.6292087435722351,3,0.25
002_20200624_083036(9),4,0.6220515966415405,3,0.25
002_20200624_083041(3),4,0.6877585649490356,3,0.25
002_20200624_083045(5),1,0.6875538229942322,3,0.25
002_20200624_083045(8),4,0.6693190336227417,3,0.25
002_20200624_083049(6),1,0.643545925617218,3,0.25
002_20200624_083050(4),4,0.6869884729385376,3,0.25
002_20200624_083053(3),1,0.6630275249481201,3,0.25
002_20200624_083054(9),4,0.7007272839546204,3,0.25
002_20200624_083057(4),1,0.6240067481994629,3,0.25
002_20200624_083101(4),1,0.6510132551193237,3,0.25
002_20200624_083105(5),1,0.6615380048751831,3,0.25
002_20200624_123122(6),3,0.6782890558242798,3,0.25
002_20200624_123126(4),3,0.6270357370376587,3,0.25
002_20200624_123129(9),3,0.7316495776176453,3,0.25
002_20200624_123133(0),3,0.6092203855514526,3,0.25
002_20200624_123136(5),3,0.633406937122345,3,0.25
002_20200624_123143(7),3,0.6599228382110596,3,0.25
002_20200624_123144(0),1,0.7259989380836487,4,0.25
002_20200624_123148(2),1,0.6882131099700928,3,0.25
002_20200624_123152(7),1,0.7026769518852234,3,0.25
002_20200624_123157(4),1,0.6681820154190063,3,0.25
002_20200624_123201(7),1,0.730215847492218,3,0.25
002_20200624_123206(2),1,0.7401257753372192,3,0.25
002_20200624_162522(0),1,0.6272634267807007,3,0.25
002_20200624_162527(8),1,0.6491849422454834,3,0.25
002_20200624_162531(7),1,0.6406940221786499,3,0.25
002_20200624_162536(8),1,0.6400362253189087,3,0.25
002_20200624_162540(3),1,0.6862686276435852,3,0.25
002_20200624_162543(7),1,0.6101447343826294,3,0.25
002_20200624_162708(9),1,0.6803300976753235,4,0.25
002_20200624_162713(4),1,0.6698933243751526,3,0.25
002_20200624_162717(9),1,0.6823118329048157,3,0.25
002_20200624_162722(4),1,0.7081209421157837,3,0.25
002_20200624_203003(9),1,0.6336778998374939,3,0.25
002_20200624_203012(9),3,0.6559074521064758,3,0.25
002_20200624_203017(4),4,0.609321653842926,3,0.25
002_20200624_203021(9),1,0.6557042598724365,3,0.25
002_20200624_203026(4),1,0.6613203287124634,3,0.25
002_20200624_203044(4),2,0.6083868145942688,3,0.25
002_20200624_203111(4),3,0.7044328451156616,3,0.25
002_20200624_203114(3),3,0.6656525731086731,3,0.25
002_20200624_203117(3),3,0.6716766953468323,3,0.25
002_20200624_203120(3),3,0.6722434759140015,3,0.25
002_20200624_203123(3),3,0.6737377643585205,3,0.25
002_20200624_203126(3),3,0.6690635681152344,3,0.25
002_20200625_003116(4),3,0.6927503943443298,3,0.25
002_20200625_003120(7),3,0.6414499878883362,3,0.25
002_20200625_003125(4),3,0.6450585722923279,3,0.25
002_20200625_003130(0),3,0.6809706091880798,3,0.25
002_20200625_003134(4),3,0.6699966788291931,3,0.25
002_20200625_003139(0),3,0.6553089022636414,3,0.25
002_20200625_003352(9),1,0.7316319346427917,3,0.25
002_20200625_003357(4),1,0.6625952124595642,4,0.25
002_20200625_003401(8),1,0.733746349811554,3,0.25
002_20200625_003406(3),1,0.7113083004951477,3,0.25
002_20200625_003410(8),1,0.6659284234046936,4,0.25
002_20200625_003415(4),1,0.7072345614433289,3,0.25
002_20200625_042934(9),4,0.6139310002326965,3,0.25
002_20200625_042939(2),4,0.6609030365943909,3,0.25
002_20200625_042943(7),4,0.5967957973480225,3,0.25
002_20200625_042948(3),4,0.5899288654327393,3,0.25
002_20200625_042952(8),4,0.6217246055603027,3,0.25
002_20200625_042957(3),4,0.6002325415611267,3,0.25
002_20200629_082630(7),4,0.6152309775352478,3,0.25
002_20200629_082639(2),4,0.640038013458252,3,0.25
002_20200629_082642(2),4,0.6023892164230347,3,0.25
002_20200629_082645(4),4,0.596923828125,3,0.25
002_20200629_082823(5),3,0.646129310131073,3,0.25
002_20200629_082828(5),3,0.7166982889175415,3,0.25
002_20200629_082831(3),3,0.6659228801727295,3,0.25
002_20200629_082834(2),3,0.6659954786300659,3,0.25
002_20200629_082837(0),3,0.6612005233764648,3,0.25
002_20200629_082839(9),3,0.6623913645744324,3,0.25
002_20200629_123442(5),1,0.6914951205253601,3,0.25
002_20200629_123447(0),1,0.7302805185317993,3,0.25
002_20200629_123451(5),1,0.7257481217384338,3,0.25
002_20200629_123456(0),1,0.67914879322052,3,0.25
002_20200629_123500(5),1,0.7343394756317139,3,0.25
002_20200629_123505(0),1,0.6664831638336182,3,0.25
002_20200629_163656(7),4,0.6232906579971313,3,0.25
002_20200629_163659(7),4,0.6619306206703186,3,0.25
002_20200629_163702(8),4,0.6178236603736877,3,0.25
002_20200629_163705(8),4,0.6842467188835144,3,0.25
002_20200629_163708(9),4,0.6928281188011169,3,0.25
002_20200629_163711(8),4,0.6760361790657043,4,0.25
002_20200714_042641(8),4,0.5927112698554993,3,0.25
002_20200714_083054(2),1,0.6912423968315125,3,0.25
002_20200714_083057(5),1,0.6458219885826111,3,0.25
002_20200714_083101(7),1,0.6888311505317688,3,0.25
002_20200714_083106(2),1,0.675179660320282,3,0.25
002_20200714_083110(8),1,0.6332047581672668,3,0.25
002_20200714_083115(1),1,0.6694051623344421,3,0.25
002_20200714_123109(8),3,0.643839418888092,3,0.25
002_20200714_123113(1),3,0.6233629584312439,3,0.25
002_20200714_123117(3),3,0.6332002878189087,3,0.25
002_20200714_123120(4),3,0.6479975581169128,3,0.25
002_20200714_123123(5),3,0.6398099064826965,3,0.25
002_20200714_123126(4),3,0.636986255645752,3,0.25
002_20200714_163046(2),4,0.6097826361656189,3,0.25
002_20200714_163049(8),4,0.5999020338058472,3,0.25
002_20200714_163053(5),4,0.5982736349105835,3,0.25
002_20200714_163056(8),4,0.6195130944252014,3,0.25
002_20200714_163100(2),4,0.6052001714706421,3,0.25
002_20200714_163103(5),4,0.5950914025306702,3,0.25
002_20200714_225756(0),2,0.560583770275116,3,0.25
002_20200714_225759(8),2,0.5990976095199585,3,0.25
002_20200714_225803(3),2,0.6043809652328491,3,0.25
002_20200714_225807(3),2,0.5849661827087402,3,0.25
002_20200714_225810(5),2,0.5872542262077332,3,0.25
002_20200714_225817(4),2,0.571524441242218,3,0.25
002_20200715_002443(4),1,0.670364260673523,3,0.25
002_20200715_002447(9),1,0.6785085797309875,3,0.25
002_20200715_002456(9),1,0.6722228527069092,3,0.25
002_20200715_002509(0),2,0.5790280699729919,3,0.25
002_20200715_002513(4),2,0.5801765322685242,3,0.25
002_20200831_163149(1),2,0.6534537672996521,1,0.25
002_20200831_163150(6),2,0.6457968950271606,1,0.25
002_20200831_203101(4),3,0.6653470396995544,1,0.25
002_20200831_203105(9),3,0.6447877287864685,1,0.25
002_20200901_003133(6),4,0.6319484114646912,1,0.25
002_20200901_003136(6),4,0.6765913367271423,1,0.25
002_20200901_003139(6),4,0.6317576169967651,1,0.25
002_20200901_003142(6),4,0.6531317234039307,1,0.25
002_20200901_003148(6),4,0.6147097945213318,1,0.25
002_20200901_043133(6),1,0.6177245378494263,1,0.25
002_20200901_043136(6),1,0.6978546380996704,1,0.25
002_20200901_043139(6),1,0.6654175519943237,1,0.25
002_20200901_043142(6),1,0.5680107474327087,1,0.25
002_20200901_043145(5),1,0.5769551992416382,1,0.25
002_20200901_043148(6),1,0.6193199157714844,1,0.25
002_20200901_083204(5),3,0.6471146941184998,1,0.25
002_20200901_083452(2),2,0.6196308732032776,1,0.25
002_20200901_083456(7),2,0.6106387376785278,1,0.25
002_20200901_083501(2),2,0.6378194093704224,1,0.25
002_20200901_083505(8),2,0.6537942290306091,1,0.25
002_20200901_083510(2),2,0.640243649482727,1,0.25
002_20200901_083514(7),2,0.6279199719429016,1,0.25
002_20200901_123049(7),3,0.6432763338088989,1,0.25
002_20200901_123052(7),3,0.6348316073417664,1,0.25
002_20200901_123100(3),3,0.6273356676101685,1,0.25
002_20200901_123104(8),3,0.6247801184654236,1,0.25
002_20200901_123109(2),3,0.627189576625824,1,0.25
002_20200901_191340(2),2,0.6380531191825867,1,0.25
002_20200901_191343(2),2,0.6442223191261292,1,0.25
002_20200901_191346(1),2,0.6066135764122009,1,0.25
002_20200901_191348(8),2,0.6251192092895508,1,0.25
002_20200901_191351(5),2,0.6286581158638,1,0.25
002_20200904_230054(2),4,0.6273269057273865,1,0.25
002_20200904_230057(6),4,0.6513505578041077,1,0.25
002_20200904_230105(4),4,0.5941914319992065,1,0.25
002_20200905_003315(2),2,0.6165246963500977,1,0.25
002_20200905_003319(2),2,0.6477420330047607,1,0.25
002_20200905_003323(3),2,0.6251204013824463,1,0.25
002_20200905_003327(3),2,0.6058201789855957,1,0.25
002_20200905_003331(2),2,0.5978174805641174,1,0.25
002_20200905_003335(3),2,0.6101744771003723,1,0.25
002_20200905_043156(0),1,0.6773307919502258,1,0.25
002_20200905_043200(0),1,0.7312719225883484,1,0.25
002_20200905_043204(0),1,0.673029899597168,1,0.25
002_20200905_043208(0),1,0.6709191203117371,1,0.25
002_20200905_043212(1),1,0.7103277444839478,1,0.25
002_20200905_043216(0),1,0.7317988872528076,1,0.25
002_20200905_083407(3),3,0.6629356741905212,1,0.25
002_20200905_083410(5),3,0.6962613463401794,1,0.25
002_20200905_083413(6),3,0.7019796967506409,1,0.25
002_20200905_083416(3),3,0.6000759601593018,1,0.25
002_20200905_083419(3),3,0.6532751321792603,1,0.25
002_20200905_083422(4),3,0.674746572971344,1,0.25
002_20200905_123055(0),4,0.668709933757782,1,0.25
002_20200905_123058(4),4,0.6431176662445068,1,0.25
002_20200905_123102(0),4,0.602796196937561,1,0.25
002_20200905_123103(4),4,0.5805346369743347,1,0.25
002_20200905_123105(0),4,0.646984875202179,1,0.25
002_20200905_123107(5),4,0.5906221866607666,1,0.25
002_20200905_123108(4),4,0.5945231914520264,1,0.25
002_20200905_123111(6),4,0.5918729901313782,1,0.25
002_20200905_123112(0),4,0.6196354031562805,1,0.25
002_20200905_163920(4),3,0.5685592293739319,1,0.25
002_20200905_163922(9),2,0.6325579881668091,1,0.25
002_20200905_163924(2),3,0.5623120069503784,1,0.25
002_20200905_163926(4),2,0.6148150563240051,1,0.25
002_20200905_163928(3),3,0.616532564163208,1,0.25
002_20200905_163929(7),2,0.6252351999282837,1,0.25
002_20200905_163932(3),3,0.6510879993438721,1,0.25
002_20200905_163932(9),2,0.6421380043029785,1,0.25
002_20200905_163936(2),2,0.6103804111480713,1,0.25
002_20200905_163936(3),3,0.6098971962928772,1,0.25
002_20200905_163939(7),2,0.5925846099853516,1,0.25
002_20200905_163940(2),3,0.6146275997161865,1,0.25
002_20200905_203836(3),2,0.5872703790664673,1,0.25
002_20200905_203840(3),2,0.5356094837188721,1,0.25
002_20200905_203844(2),2,0.5378543138504028,1,0.25
002_20200905_203848(4),2,0.5477424263954163,1,0.25
002_20200905_203856(3),2,0.5802898406982422,1,0.25
002_20200905_203900(3),2,0.5766343474388123,1,0.25
002_20200905_204033(3),1,0.6907436847686768,1,0.25
002_20200905_204039(5),1,0.7299801707267761,1,0.25
002_20200905_204042(9),1,0.6343371868133545,1,0.25
002_20200905_204046(0),1,0.6027637720108032,1,0.25
002_20200905_204049(1),1,0.714194118976593,1,0.25
002_20200905_204052(3),1,0.7407203912734985,1,0.25
002_20200906_003059(0),2,0.5646112561225891,1,0.25
002_20200906_003114(0),4,0.6299876570701599,1,0.25
002_20200906_003114(8),1,0.6325510740280151,1,0.25
002_20200906_003117(3),4,0.5589726567268372,1,0.25
002_20200906_003118(7),1,0.6217876672744751,1,0.25
002_20200906_003120(8),4,0.6707818508148193,1,0.25
002_20200906_003122(7),1,0.5967549085617065,1,0.25
002_20200906_003124(0),4,0.5845340490341187,1,0.25
002_20200906_003126(8),1,0.6151275634765625,1,0.25
002_20200906_003127(3),4,0.5793506503105164,1,0.25
002_20200906_003130(7),4,0.5923645496368408,1,0.25
002_20200906_003132(7),1,0.6608566641807556,1,0.25
002_20200907_184813(1),4,0.6068357229232788,1,0.25
002_20200907_184815(7),4,0.534339189529419,1,0.25
002_20200907_184818(2),4,0.5277901291847229,1,0.25
002_20200907_184823(7),4,0.5810277462005615,1,0.25
002_20200907_184826(3),4,0.5705552101135254,1,0.25
002_20200907_184828(8),4,0.6162703037261963,1,0.25
002_20200907_204635(5),3,0.6188308000564575,1,0.25
002_20200907_204640(0),3,0.637894332408905,1,0.25
002_20200907_204644(5),3,0.6115858554840088,1,0.25
002_20200907_204649(0),3,0.6116783022880554,1,0.25
002_20200907_204653(4),3,0.6130189895629883,1,0.25
