stem,fold_id,prediction_index,prediction_bbox_json,confidence,nearest_gt_iou,fp_status,report_confidence_threshold
001_20200622_203330(3),1,1,"[360.4574661254883,226.82439041137695,373.4246292114258,239.35053634643555]",0.5216981172561646,0.49868072113416256,LOCALIZATION_FALSE_POSITIVE,0.25
001_20200623_003516(8),1,3,"[379.89195251464844,220.17358016967773,390.33294677734375,230.91529083251953]",0.33315786719322205,0.0,BACKGROUND_FALSE_POSITIVE,0.25
001_20200623_003520(5),1,0,"[340.1064758300781,188.0,350.48899841308594,195.43942260742188]",0.5654455423355103,0.46812104985512776,LOCALIZATION_FALSE_POSITIVE,0.25
001_20200623_082411(0),1,3,"[338.09593200683594,184.6707763671875,353.8574523925781,200.6156005859375]",0.2513014078140259,0.5252379376214166,DUPLICATE_EXCESS,0.25
001_20200623_082414(1),1,1,"[352.2942352294922,226.6858787536621,364.5559539794922,238.69255447387695]",0.5456923842430115,0.4890557447947618,LOCALIZATION_FALSE_POSITIVE,0.25
001_20200623_082414(1),1,3,"[412.42730712890625,224.342041015625,422.25611877441406,234.4932098388672]",0.39831703901290894,0.0,BACKGROUND_FALSE_POSITIVE,0.25
001_20200624_043337(8),1,1,"[340.7973937988281,189.4231594800949,351.4296112060547,199.80044269561768]",0.5344668030738831,0.45972304684917326,LOCALIZATION_FALSE_POSITIVE,0.25
001_20200624_083150(7),1,3,"[347.4176483154297,188.0,358.1124725341797,194.6169137954712]",0.31014880537986755,0.31451879961416124,LOCALIZATION_FALSE_POSITIVE,0.25
001_20200624_083153(8),1,2,"[350.4344940185547,188.0,361.41566467285156,196.74932861328125]",0.5139564871788025,0.42701275827983853,LOCALIZATION_FALSE_POSITIVE,0.25
001_20200624_083156(9),1,3,"[344.67787170410156,248.5729522705078,352.3143768310547,255.818603515625]",0.3463781476020813,0.16837094191930727,LOCALIZATION_FALSE_POSITIVE,0.25
001_20200624_083202(6),1,1,"[346.9878845214844,204.78680419921875,357.0978088378906,215.23741149902344]",0.5044610500335693,0.25155916395597194,LOCALIZATION_FALSE_POSITIVE,0.25
001_20200727_204954(7),1,0,"[320.0,148.9176483154297,329.53104400634766,159.9750213623047]",0.5946933627128601,0.4923303303968449,LOCALIZATION_FALSE_POSITIVE,0.25
001_20200727_204958(2),1,0,"[320.4429473876953,145.25904846191406,333.0655517578125,157.26280212402344]",0.5815176367759705,0.42239029319278737,LOCALIZATION_FALSE_POSITIVE,0.25
001_20200810_203208(7),1,1,"[320.0,188.71866077184677,327.4997820854187,196.5677318572998]",0.534156322479248,0.24825076947831168,LOCALIZATION_FALSE_POSITIVE,0.25
001_20200810_203208(7),1,2,"[312.6258316040039,185.15049743652344,327.87913513183594,200.79637145996094]",0.28732264041900635,0.4148312384534071,LOCALIZATION_FALSE_POSITIVE,0.25
001_20200810_203212(6),1,1,"[320.0,193.6007080078125,330.6707935333252,208.17503356933594]",0.25702106952667236,0.5896237454475544,DUPLICATE_EXCESS,0.25
001_20200811_043037(3),1,1,"[320.0,222.3282928466797,327.29176473617554,232.65872192382812]",0.5171777009963989,0.5025159817215691,DUPLICATE_EXCESS,0.25
001_20200819_124414(0),1,0,"[323.3243317604065,163.8607177734375,335.4005765914917,175.6929473876953]",0.5345917344093323,0.47706660408341256,LOCALIZATION_FALSE_POSITIVE,0.25
001_20200831_083711(6),1,0,"[474.5019989013672,188.0,485.2146453857422,195.5771279335022]",0.560479462146759,0.43562974881040045,LOCALIZATION_FALSE_POSITIVE,0.25
002_20200623_082311(8),1,2,"[144.20791625976562,136.86480712890625,154.57510375976562,147.58261108398438]",0.5781878232955933,0.46297284662723454,LOCALIZATION_FALSE_POSITIVE,0.25
002_20200623_082314(4),1,2,"[201.06249237060547,149.96878051757812,211.01246643066406,160.17166137695312]",0.5560821294784546,0.4728206911520353,LOCALIZATION_FALSE_POSITIVE,0.25
002_20200623_082318(5),1,0,"[215.897705078125,231.24331665039062,225.13037109375,240.95042419433594]",0.5717782378196716,0.4016849257501711,LOCALIZATION_FALSE_POSITIVE,0.25
002_20200623_082318(5),1,1,"[209.9982452392578,206.18601989746094,218.993896484375,215.5885467529297]",0.568533182144165,0.49656041811550516,LOCALIZATION_FALSE_POSITIVE,0.25
002_20200629_123456(0),1,1,"[144.88565063476562,165.19932556152344,155.80776977539062,176.0937957763672]",0.5796145796775818,0.47062500866471785,LOCALIZATION_FALSE_POSITIVE,0.25
002_20200629_123505(0),1,2,"[149.66746520996094,165.69264221191406,160.33409118652344,176.54644775390625]",0.5453583002090454,0.48370315894506377,LOCALIZATION_FALSE_POSITIVE,0.25
002_20200714_083057(5),1,2,"[198.58670043945312,183.0172576904297,207.4309539794922,192.19178771972656]",0.5636771321296692,0.4171412817919261,LOCALIZATION_FALSE_POSITIVE,0.25
002_20200905_043156(0),1,1,"[248.46446228027344,167.5482635498047,256.0,176.99539184570312]",0.5605227947235107,0.5423855182927116,DUPLICATE_EXCESS,0.25
002_20200905_043216(0),1,1,"[248.5634002685547,171.16709899902344,256.0,180.30288696289062]",0.5661942362785339,0.484552347725987,LOCALIZATION_FALSE_POSITIVE,0.25
