detect_threshold,reinspect_floor,n_images,detect_n,detect_rate,reinspect_n,reinspect_rate,pass_candidate_n,pass_candidate_rate,positive_set_safety_capture
0.4,0.05,500,500,1.0,0,0.0,0,0.0,1.0
0.4,0.1,500,500,1.0,0,0.0,0,0.0,1.0
0.4,0.25,500,500,1.0,0,0.0,0,0.0,1.0
0.45,0.05,500,499,0.998,1,0.002,0,0.0,1.0
0.45,0.1,500,499,0.998,1,0.002,0,0.0,1.0
0.45,0.25,500,499,0.998,1,0.002,0,0.0,1.0
0.5,0.05,500,496,0.992,4,0.008,0,0.0,1.0
0.5,0.1,500,496,0.992,4,0.008,0,0.0,1.0
0.5,0.25,500,496,0.992,4,0.008,0,0.0,1.0
