stem,object_id,fold_id,gt_bbox_json,matched_prediction,prediction_confidence,prediction_bbox_json,iou,status,localization_status,error_type,report_confidence_threshold
001_20200622_203305(8),0,2,"[362.0,189.99999999999997,368.00000000000006,198.0]",False,0.5783835053443909,"[357.4053649902344,187.29766845703125,370.5921630859375,199.26089477539062]",0.3042660958497536,FN,NOT_MATCHED,LOCALIZATION_FAILURE,0.25
001_20200622_203305(8),1,2,"[363.0,218.0,371.0,228.0]",False,0.5812037587165833,"[359.5811462402344,218.40089416503906,373.2398986816406,231.8724365234375]",0.41019274640944137,FN,NOT_MATCHED,LOCALIZATION_FAILURE,0.25
001_20200622_203305(8),2,2,"[368.0,255.0,379.0,267.0]",True,0.5729634165763855,"[364.927734375,254.95053100585938,377.9708251953125,268.0888671875]",0.6512813680869568,TP,IOU_GE_0.50,MATCHED,0.25
001_20200622_203309(1),0,2,"[369.0,173.0,379.0,184.0]",True,0.5522699356079102,"[368.05517578125,171.35952758789062,380.8031921386719,184.0880584716797]",0.6779096130745973,TP,IOU_GE_0.50,MATCHED,0.25
001_20200622_203309(1),1,2,"[366.00000000000006,201.0,378.0,215.0]",True,0.5685598850250244,"[365.3309631347656,203.81643676757812,378.443603515625,216.81907653808594]",0.6569029261594389,TP,IOU_GE_0.50,MATCHED,0.25
001_20200622_203309(1),2,2,"[368.00000000000006,241.0,376.0,254.99999999999997]",True,0.5778919458389282,"[365.0205078125,240.85191345214844,377.993408203125,253.8229217529297]",0.577322297174577,TP,IOU_GE_0.50,MATCHED,0.25
001_20200622_203312(6),0,2,"[357.0,187.0,366.0,198.0]",True,0.5755029916763306,"[356.2506408691406,186.6597900390625,369.9073486328125,199.241455078125]",0.5761705544662544,TP,IOU_GE_0.50,MATCHED,0.25
001_20200622_203312(6),1,2,"[357.00000000000006,218.00000000000003,369.0,232.0]",True,0.5772016644477844,"[355.08831787109375,219.56549072265625,367.7791748046875,231.29833984375]",0.6641326383440774,TP,IOU_GE_0.50,MATCHED,0.25
001_20200622_203312(6),2,2,"[356.0,256.0,369.0,268.0]",True,0.5794599056243896,"[355.3316345214844,256.5769958496094,367.7850646972656,268.69757080078125]",0.7812173035596269,TP,IOU_GE_0.50,MATCHED,0.25
001_20200622_203316(0),0,2,"[365.0,203.0,371.99999999999994,213.99999999999997]",False,0.5910328030586243,"[361.0337219238281,202.3746337890625,375.3204040527344,216.60205078125]",0.37882033403963594,FN,NOT_MATCHED,LOCALIZATION_FAILURE,0.25
001_20200622_203316(0),1,2,"[364.00000000000006,233.00000000000003,376.0,247.0]",True,0.538449764251709,"[363.3404846191406,234.12002563476562,377.4295654296875,247.7911834716797]",0.7500918496305967,TP,IOU_GE_0.50,MATCHED,0.25
001_20200622_203316(0),2,2,"[370.0,276.0,378.0,287.0]",False,0.56673663854599,"[367.0166320800781,272.0555419921875,380.9308166503906,286.44091796875]",0.4081803381168512,FN,NOT_MATCHED,LOCALIZATION_FAILURE,0.25
001_20200622_203319(4),0,2,"[364.00000000000006,209.0,376.0,219.0]",True,0.5369353890419006,"[362.9823303222656,206.62977600097656,376.79205322265625,219.94932556152344]",0.6523891710161994,TP,IOU_GE_0.50,MATCHED,0.25
001_20200622_203319(4),1,2,"[369.0,237.99999999999997,380.00000000000006,249.00000000000003]",True,0.5926838517189026,"[365.3916931152344,237.9063720703125,379.3679504394531,251.88015747070312]",0.5638829736032202,TP,IOU_GE_0.50,MATCHED,0.25
001_20200622_203319(4),2,2,"[374.0,276.0,384.00000000000006,286.0]",True,0.5845754742622375,"[372.045654296875,274.5934753417969,385.5321960449219,288.39923095703125]",0.5370802934264312,TP,IOU_GE_0.50,MATCHED,0.25
001_20200623_203247(5),0,2,"[340.0,184.0,355.00000000000006,197.0]",True,0.5648855566978455,"[341.69195556640625,182.55030822753906,354.7447204589844,195.09130859375]",0.6767509401112806,TP,IOU_GE_0.50,MATCHED,0.25
001_20200623_203247(5),1,2,"[343.0,215.0,360.0,228.0]",True,0.5245198011398315,"[342.9424133300781,213.3117218017578,357.2400207519531,227.58653259277344]",0.728992862017441,TP,IOU_GE_0.50,MATCHED,0.25
001_20200623_203247(5),2,2,"[348.0,258.0,363.0,274.0]",True,0.568543553352356,"[349.4219055175781,260.43585205078125,362.4078674316406,272.9269714355469]",0.6758716691440593,TP,IOU_GE_0.50,MATCHED,0.25
001_20200624_003240(4),0,2,"[342.0,242.0,356.0,252.0]",True,0.5566229820251465,"[342.7136535644531,240.86526489257812,355.74664306640625,253.71751403808594]",0.7356067230174796,TP,IOU_GE_0.50,MATCHED,0.25
001_20200624_003240(4),1,2,"[342.0,194.0,353.00000000000006,207.0]",True,0.5606408715248108,"[339.9251708984375,194.71749877929688,352.7576904296875,207.79188537597656]",0.7396267699019051,TP,IOU_GE_0.50,MATCHED,0.25
001_20200624_003240(4),2,2,"[338.0,161.0,351.0,175.0]",True,0.5546223521232605,"[339.2977294921875,161.97711181640625,352.1152038574219,175.15582275390625]",0.7676658813494098,TP,IOU_GE_0.50,MATCHED,0.25
001_20200624_003244(2),0,2,"[348.0,167.0,362.0,182.0]",True,0.5707986950874329,"[350.7749328613281,167.5935821533203,363.57696533203125,180.0416259765625]",0.6085008334674453,TP,IOU_GE_0.50,MATCHED,0.25
001_20200624_003244(2),1,2,"[350.0,200.0,365.0,213.00000000000003]",True,0.5564441680908203,"[350.47589111328125,199.63027954101562,364.5486145019531,213.94859313964844]",0.8566774325599013,TP,IOU_GE_0.50,MATCHED,0.25
001_20200624_003244(2),2,2,"[356.0,246.0,368.0,259.0]",True,0.582767903804779,"[354.92303466796875,246.6038360595703,368.2035217285156,259.71612548828125]",0.8201069367957726,TP,IOU_GE_0.50,MATCHED,0.25
001_20200624_003247(7),0,2,"[339.0,151.0,357.0,165.0]",True,0.5452466011047363,"[341.6693115234375,149.4224395751953,355.315185546875,162.98019409179688]",0.5976744720046041,TP,IOU_GE_0.50,MATCHED,0.25
001_20200624_003247(7),1,2,"[345.0,184.00000000000003,358.0,200.0]",True,0.5449564456939697,"[344.259521484375,183.3311004638672,356.9216003417969,196.48558044433594]",0.6594516299687303,TP,IOU_GE_0.50,MATCHED,0.25
001_20200624_003247(7),2,2,"[349.0,228.00000000000003,363.0,242.0]",True,0.5333304405212402,"[349.5066833496094,228.64871215820312,362.5829162597656,241.06613159179688]",0.8284340237590444,TP,IOU_GE_0.50,MATCHED,0.25
001_20200624_003251(1),0,2,"[345.0,186.00000000000003,358.0,198.0]",True,0.5567938089370728,"[347.03643798828125,184.95652770996094,359.6762390136719,197.7295684814453]",0.6809493130482503,TP,IOU_GE_0.50,MATCHED,0.25
001_20200624_003251(1),1,2,"[346.00000000000006,219.00000000000003,362.0,231.0]",True,0.5507470369338989,"[347.6375732421875,218.79183959960938,360.4220275878906,231.07675170898438]",0.7841521888469088,TP,IOU_GE_0.50,MATCHED,0.25
001_20200624_003251(1),2,2,"[349.0,265.0,363.0,277.0]",True,0.5484517216682434,"[349.64892578125,264.24188232421875,362.4207458496094,276.3689880371094]",0.817202790375019,TP,IOU_GE_0.50,MATCHED,0.25
001_20200624_003254(3),0,2,"[339.0,175.0,353.0,188.0]",True,0.5878931283950806,"[340.8010559082031,174.3199462890625,353.81243896484375,187.18692016601562]",0.7405622793439695,TP,IOU_GE_0.50,MATCHED,0.25
001_20200624_003254(3),1,2,"[342.99999999999994,207.0,357.0,223.0]",True,0.5107376575469971,"[343.0274353027344,206.77870178222656,356.2283935546875,219.62435913085938]",0.7344114554260373,TP,IOU_GE_0.50,MATCHED,0.25
001_20200624_003254(3),2,2,"[351.0,252.99999999999997,364.0,266.0]",True,0.5540801882743835,"[349.5553894042969,252.73866271972656,362.2308654785156,264.4328308105469]",0.6799849707666392,TP,IOU_GE_0.50,MATCHED,0.25
001_20200624_003303(5),0,2,"[349.0,227.0,366.0,243.00000000000003]",True,0.575312614440918,"[348.3609313964844,228.69952392578125,360.9030456542969,240.68495178222656]",0.5101313902525967,TP,IOU_GE_0.50,MATCHED,0.25
001_20200624_003303(5),1,2,"[346.00000000000006,194.00000000000003,362.0,209.0]",True,0.6095916032791138,"[349.25347900390625,195.92703247070312,361.9239196777344,207.6367645263672]",0.618197772157149,TP,IOU_GE_0.50,MATCHED,0.25
001_20200624_003303(5),2,2,"[349.0,272.0,364.00000000000006,288.0]",True,0.5716992020606995,"[349.0257568359375,274.5232849121094,362.0498046875,286.1622009277344]",0.6316074963659024,TP,IOU_GE_0.50,MATCHED,0.25
001_20200624_162816(3),0,2,"[335.0,168.0,354.0,183.0]",True,0.5536738038063049,"[337.478515625,169.46267700195312,349.677734375,181.75439453125]",0.5261380735196566,TP,IOU_GE_0.50,MATCHED,0.25
001_20200624_162816(3),1,2,"[342.0,201.00000000000003,357.99999999999994,217.0]",True,0.5541551113128662,"[344.3345642089844,201.08651733398438,357.77642822265625,214.68666076660156]",0.7141065569831009,TP,IOU_GE_0.50,MATCHED,0.25
001_20200624_162816(3),2,2,"[355.00000000000006,242.0,371.0,257.0]",True,0.5437064170837402,"[356.2298889160156,244.42799377441406,369.0251770019531,256.88671875]",0.6642207301920303,TP,IOU_GE_0.50,MATCHED,0.25
001_20200624_162821(2),0,2,"[343.0,141.0,355.0,156.0]",True,0.5182705521583557,"[345.6552734375,142.6392364501953,357.712890625,155.04054260253906]",0.542431088231422,TP,IOU_GE_0.50,MATCHED,0.25
001_20200624_162821(2),1,2,"[347.0,176.0,361.0,190.0]",True,0.5357108116149902,"[346.421875,176.54347229003906,358.4784851074219,189.36770629882812]",0.7236609655193941,TP,IOU_GE_0.50,MATCHED,0.25
001_20200624_162821(2),2,2,"[353.0,221.99999999999997,364.00000000000006,235.99999999999994]",True,0.5324825644493103,"[351.8251037597656,223.06651306152344,364.12530517578125,234.55941772460938]",0.7483108696998941,TP,IOU_GE_0.50,MATCHED,0.25
001_20200624_162831(2),0,2,"[360.0,201.00000000000003,375.99999999999994,213.0]",True,0.5360603332519531,"[359.893310546875,200.31854248046875,372.2130432128906,212.73101806640625]",0.7105063097467751,TP,IOU_GE_0.50,MATCHED,0.25
001_20200624_162831(2),1,2,"[364.0,228.99999999999997,378.0,247.0]",True,0.5986733436584473,"[365.1604919433594,231.94491577148438,378.07232666015625,244.2178497314453]",0.6231163444506141,TP,IOU_GE_0.50,MATCHED,0.25
001_20200624_162831(2),2,2,"[372.0,267.0,385.0,283.0]",True,0.5817607045173645,"[371.9727783203125,266.9307556152344,384.79229736328125,279.0120849609375]",0.7344712664104341,TP,IOU_GE_0.50,MATCHED,0.25
001_20200624_162835(8),0,2,"[358.0,141.0,369.99999999999994,153.00000000000003]",True,0.5755828619003296,"[355.929443359375,140.0879364013672,368.9698791503906,152.7152862548828]",0.7133758168248832,TP,IOU_GE_0.50,MATCHED,0.25
001_20200624_162835(8),1,2,"[360.0,172.00000000000003,371.99999999999994,184.0]",True,0.6097165942192078,"[361.1126708984375,171.90139770507812,375.2327575683594,186.2706298828125]",0.6041611542240911,TP,IOU_GE_0.50,MATCHED,0.25
001_20200624_162835(8),2,2,"[365.0,209.0,378.0,224.00000000000003]",True,0.583958625793457,"[365.2566223144531,208.55691528320312,378.06787109375,221.07826232910156]",0.7638746195820362,TP,IOU_GE_0.50,MATCHED,0.25
001_20200625_003507(0),0,2,"[341.00000000000006,143.00000000000003,353.0,154.0]",True,0.5770513415336609,"[340.20367431640625,141.83596801757812,352.77752685546875,154.45404052734375]",0.8041513630088238,TP,IOU_GE_0.50,MATCHED,0.25
001_20200625_003507(0),1,2,"[342.0,175.0,353.00000000000006,188.0]",True,0.5560130476951599,"[340.71417236328125,175.32566833496094,353.87371826171875,188.23219299316406]",0.8039011606015681,TP,IOU_GE_0.50,MATCHED,0.25
001_20200625_003507(0),2,2,"[346.0,223.0,356.0,234.99999999999997]",True,0.5190297365188599,"[343.048583984375,221.81956481933594,356.0418395996094,233.8190460205078]",0.6450587666175555,TP,IOU_GE_0.50,MATCHED,0.25
001_20200625_003511(4),0,2,"[348.00000000000006,145.0,360.0,157.00000000000003]",True,0.5900975465774536,"[346.71075439453125,144.19915771484375,359.848388671875,157.24893188476562]",0.8206084238074253,TP,IOU_GE_0.50,MATCHED,0.25
001_20200625_003511(4),1,2,"[350.0,179.0,360.0,191.00000000000003]",True,0.5495594143867493,"[347.00579833984375,178.05487060546875,360.2880554199219,191.76608276367188]",0.6589212495761347,TP,IOU_GE_0.50,MATCHED,0.25
001_20200625_003511(4),2,2,"[350.0,225.99999999999997,361.0,237.0]",True,0.5625995397567749,"[349.4978332519531,224.81076049804688,362.20660400390625,236.76223754882812]",0.7662237665659672,TP,IOU_GE_0.50,MATCHED,0.25
001_20200625_003515(9),0,2,"[342.99999999999994,154.0,357.0,167.00000000000003]",True,0.5498671531677246,"[346.44061279296875,154.1872100830078,359.1460266113281,166.72213745117188]",0.6336092360032872,TP,IOU_GE_0.50,MATCHED,0.25
001_20200625_003515(9),1,2,"[347.0,187.0,360.0,202.0]",True,0.5665778517723083,"[346.42913818359375,187.9501953125,359.6629333496094,201.64256286621094]",0.8548889298239382,TP,IOU_GE_0.50,MATCHED,0.25
001_20200625_003515(9),2,2,"[349.0,233.0,360.99999999999994,249.00000000000003]",True,0.556302011013031,"[348.84332275390625,233.3441162109375,362.19818115234375,246.37734985351562]",0.7459704133211966,TP,IOU_GE_0.50,MATCHED,0.25
001_20200625_003520(4),0,2,"[340.0,152.0,354.0,163.0]",True,0.5746010541915894,"[341.4151916503906,153.30299377441406,354.41156005859375,166.1427764892578]",0.613748122822331,TP,IOU_GE_0.50,MATCHED,0.25
001_20200625_003520(4),1,2,"[342.0,187.0,353.00000000000006,198.0]",True,0.5755141377449036,"[341.542236328125,186.46876525878906,354.6340026855469,199.75634765625]",0.6955704981804259,TP,IOU_GE_0.50,MATCHED,0.25
001_20200625_003520(4),2,2,"[346.0,233.0,355.0,244.00000000000003]",True,0.5626583695411682,"[343.52093505859375,232.17486572265625,356.2796936035156,244.4264373779297]",0.6333371618536189,TP,IOU_GE_0.50,MATCHED,0.25
001_20200625_003524(9),0,2,"[345.0,150.0,357.0,163.0]",True,0.5380932688713074,"[346.374267578125,149.35841369628906,358.4179382324219,161.58241271972656]",0.683161153242021,TP,IOU_GE_0.50,MATCHED,0.25
001_20200625_003524(9),1,2,"[346.0,183.0,356.0,194.0]",True,0.549716591835022,"[345.4767150878906,182.50839233398438,357.8968811035156,195.27813720703125]",0.6935584441093329,TP,IOU_GE_0.50,MATCHED,0.25
001_20200625_003524(9),2,2,"[350.0,229.99999999999997,360.0,241.0]",True,0.5450232625007629,"[348.6067199707031,227.9991455078125,361.42413330078125,240.61167907714844]",0.6410214918172638,TP,IOU_GE_0.50,MATCHED,0.25
001_20200625_003529(2),0,2,"[341.0,146.0,350.0,159.0]",True,0.5770962238311768,"[341.5693664550781,146.64962768554688,354.3094177246094,158.8937225341797]",0.6080495142678626,TP,IOU_GE_0.50,MATCHED,0.25
001_20200625_003529(2),1,2,"[342.0,180.0,353.99999999999994,195.0]",True,0.5844778418540955,"[340.4593200683594,179.24484252929688,353.4209899902344,192.55270385742188]",0.6855344175227839,TP,IOU_GE_0.50,MATCHED,0.25
001_20200625_003529(2),2,2,"[344.99999999999994,226.0,356.0,237.99999999999997]",True,0.5691847801208496,"[343.6498107910156,225.42352294921875,356.3241882324219,237.71788024902344]",0.8110451529959181,TP,IOU_GE_0.50,MATCHED,0.25
001_20200629_082905(4),0,2,"[349.0,194.0,363.0,208.0]",True,0.5400300025939941,"[349.4646911621094,194.3007354736328,362.5940246582031,205.97402954101562]",0.7819518918808246,TP,IOU_GE_0.50,MATCHED,0.25
001_20200629_082905(4),1,2,"[344.99999999999994,228.0,356.0,239.00000000000003]",True,0.5647525191307068,"[342.9373474121094,225.61956787109375,356.19476318359375,238.2385711669922]",0.6411088046992602,TP,IOU_GE_0.50,MATCHED,0.25
001_20200629_082905(4),2,2,"[339.0,273.99999999999994,349.0,285.0]",True,0.5386658906936646,"[338.3616027832031,272.2025451660156,350.7194519042969,284.839111328125]",0.6870212562532148,TP,IOU_GE_0.50,MATCHED,0.25
001_20200629_123107(1),0,2,"[339.99999999999994,160.99999999999997,351.0,173.0]",True,0.5610177516937256,"[342.44317626953125,160.6311798095703,355.7220153808594,173.6214141845703]",0.5087963012765574,TP,IOU_GE_0.50,MATCHED,0.25
001_20200629_123107(1),1,2,"[342.99999999999994,196.00000000000003,354.0,207.0]",True,0.5652053356170654,"[341.60614013671875,194.06716918945312,354.5174865722656,206.874755859375]",0.7174144620380392,TP,IOU_GE_0.50,MATCHED,0.25
001_20200629_123107(1),2,2,"[347.0,242.0,355.0,253.99999999999997]",True,0.5610969662666321,"[344.31463623046875,240.31756591796875,356.7549133300781,252.61012268066406]",0.5174349795791979,TP,IOU_GE_0.50,MATCHED,0.25
001_20200629_123111(6),0,2,"[348.00000000000006,161.0,360.0,171.0]",True,0.5794522166252136,"[348.2187805175781,160.18988037109375,361.0929260253906,172.67662048339844]",0.7230229820515702,TP,IOU_GE_0.50,MATCHED,0.25
001_20200629_123111(6),1,2,"[348.99999999999994,196.0,360.0,205.0]",True,0.5823258757591248,"[347.1642761230469,193.54669189453125,360.1705627441406,206.77735900878906]",0.5753076269317523,TP,IOU_GE_0.50,MATCHED,0.25
001_20200629_123111(6),2,2,"[351.0,239.99999999999997,362.00000000000006,251.0]",True,0.557490885257721,"[349.7038879394531,240.035888671875,362.33453369140625,251.74378967285156]",0.8133990853518268,TP,IOU_GE_0.50,MATCHED,0.25
001_20200629_123116(1),0,2,"[339.0,144.0,354.0,159.0]",True,0.5816363096237183,"[339.5937194824219,144.3128662109375,352.8167419433594,157.52996826171875]",0.7767557212710381,TP,IOU_GE_0.50,MATCHED,0.25
001_20200629_123116(1),1,2,"[342.99999999999994,180.99999999999997,354.0,193.0]",True,0.5448803901672363,"[340.76904296875,178.39627075195312,353.3407897949219,190.68057250976562]",0.5372434319219828,TP,IOU_GE_0.50,MATCHED,0.25
001_20200629_123116(1),2,2,"[346.0,224.00000000000003,357.00000000000006,237.99999999999997]",True,0.5647896528244019,"[343.8575439453125,225.3749542236328,356.26495361328125,237.08946228027344]",0.6714145524915347,TP,IOU_GE_0.50,MATCHED,0.25
001_20200629_123120(6),0,2,"[342.0,142.0,356.0,155.00000000000003]",True,0.5510815382003784,"[344.5227966308594,141.2655487060547,356.5393981933594,153.11415100097656]",0.6480998241107613,TP,IOU_GE_0.50,MATCHED,0.25
001_20200629_123120(6),1,2,"[342.0,174.0,357.00000000000006,189.0]",True,0.578546404838562,"[342.2259521484375,174.36773681640625,355.6218566894531,187.2091064453125]",0.7645411632209987,TP,IOU_GE_0.50,MATCHED,0.25
001_20200629_123120(6),2,2,"[342.99999999999994,223.00000000000003,354.0,232.0]",True,0.5842044353485107,"[341.88909912109375,221.60604858398438,354.1571350097656,232.7144317626953]",0.7264559826093924,TP,IOU_GE_0.50,MATCHED,0.25
001_20200629_123125(2),0,2,"[342.0,148.00000000000003,356.0,159.0]",True,0.5359507203102112,"[344.921875,147.1181640625,356.99627685546875,159.548583984375]",0.6687100571319463,TP,IOU_GE_0.50,MATCHED,0.25
001_20200629_123125(2),1,2,"[345.0,182.0,357.0,198.0]",True,0.555762767791748,"[344.8959045410156,180.32859802246094,357.79193115234375,193.31817626953125]",0.6071553247895076,TP,IOU_GE_0.50,MATCHED,0.25
001_20200629_123125(2),2,2,"[350.0,226.0,361.0,239.99999999999997]",True,0.5691573023796082,"[349.26611328125,226.45199584960938,362.62408447265625,239.78297424316406]",0.7907973322298468,TP,IOU_GE_0.50,MATCHED,0.25
001_20200728_014351(3),0,2,"[312.99999999999994,215.0,324.0,225.00000000000003]",True,0.5378801822662354,"[313.3280944824219,214.52169799804688,326.4837951660156,226.92713928222656]",0.6410198995808013,TP,IOU_GE_0.50,MATCHED,0.25
001_20200728_014355(2),0,2,"[323.00000000000006,186.00000000000003,331.0,198.0]",True,0.5528716444969177,"[321.8724060058594,184.48233032226562,334.2896423339844,196.44424438476562]",0.5190332741737225,TP,IOU_GE_0.50,MATCHED,0.25
001_20200810_163112(8),0,2,"[314.0,222.0,328.0,233.00000000000003]",True,0.5209618806838989,"[313.8984375,221.4990692138672,326.987548828125,233.7632598876953]",0.8322232432143168,TP,IOU_GE_0.50,MATCHED,0.25
001_20200810_163116(0),0,2,"[319.99999999999994,191.0,331.0,201.99999999999997]",True,0.530494749546051,"[321.59503173828125,190.87673950195312,334.2923583984375,203.478271484375]",0.5826753025090997,TP,IOU_GE_0.50,MATCHED,0.25
001_20200814_033012(7),0,2,"[315.99999999999994,175.0,326.0,186.0]",True,0.5493700504302979,"[315.5768737792969,174.37510681152344,327.9988098144531,186.6503448486328]",0.7213955749335305,TP,IOU_GE_0.50,MATCHED,0.25
001_20200814_033016(6),0,2,"[315.0,136.99999999999997,324.0,150.0]",True,0.5616869330406189,"[313.7825622558594,138.34469604492188,326.7002868652344,150.72332763671875]",0.609849216923632,TP,IOU_GE_0.50,MATCHED,0.25
001_20200814_203438(9),0,2,"[315.99999999999994,125.0,330.0,136.99999999999997]",True,0.5290215015411377,"[316.5495910644531,124.86122131347656,328.7101745605469,137.52029418945312]",0.8290613968628447,TP,IOU_GE_0.50,MATCHED,0.25
001_20200814_203442(4),0,2,"[323.0,160.0,332.0,172.00000000000003]",True,0.5536084175109863,"[322.2088928222656,158.20018005371094,334.92413330078125,170.0453338623047]",0.5374839096660893,TP,IOU_GE_0.50,MATCHED,0.25
001_20200818_083145(2),0,2,"[324.0,142.0,337.0,153.0]",True,0.555643618106842,"[324.4889831542969,141.08920288085938,336.2483215332031,153.7532196044922]",0.7956850822458442,TP,IOU_GE_0.50,MATCHED,0.25
001_20200819_003039(4),0,2,"[316.0,169.0,328.0,182.0]",True,0.5399714708328247,"[316.50787353515625,169.7164306640625,327.9853820800781,181.77310180664062]",0.8870547824503424,TP,IOU_GE_0.50,MATCHED,0.25
001_20200819_003044(1),0,2,"[326.0,160.0,335.0,169.0]",False,0.5510330200195312,"[325.3466796875,157.89849853515625,338.1663818359375,171.08917236328125]",0.47900506145732247,FN,NOT_MATCHED,LOCALIZATION_FAILURE,0.25
001_20200819_162723(4),0,2,"[313.0,159.0,322.0,169.0]",False,0.5420502424240112,"[313.47998046875,156.20973205566406,326.543701171875,168.7498016357422]",0.48648777194486564,FN,NOT_MATCHED,LOCALIZATION_FAILURE,0.25
001_20200821_163349(7),0,2,"[319.0,212.0,330.00000000000006,226.0]",True,0.5313054323196411,"[317.30914306640625,213.1387481689453,328.6051940917969,225.2940216064453]",0.6688734963236852,TP,IOU_GE_0.50,MATCHED,0.25
001_20200821_163353(8),0,2,"[333.99999999999994,227.0,344.0,238.00000000000003]",True,0.5444156527519226,"[332.3819274902344,227.1212615966797,343.3796691894531,238.91793823242188]",0.7410353788595772,TP,IOU_GE_0.50,MATCHED,0.25
002_20200623_003346(4),0,2,"[192.00000000000003,151.0,202.0,160.0]",True,0.6096954941749573,"[192.9688720703125,150.68714904785156,202.06146240234375,159.83499145507812]",0.8543950090611313,TP,IOU_GE_0.50,MATCHED,0.25
002_20200623_003346(4),1,2,"[196.00000000000003,175.0,203.0,183.00000000000003]",True,0.5610661506652832,"[195.3748779296875,174.1456298828125,204.63136291503906,184.22616577148438]",0.6001479208299891,TP,IOU_GE_0.50,MATCHED,0.25
002_20200623_003346(4),2,2,"[199.0,208.0,210.0,215.00000000000003]",True,0.5798651576042175,"[200.12001037597656,206.48361206054688,208.92440795898438,215.73757934570312]",0.6363869586485125,TP,IOU_GE_0.50,MATCHED,0.25
002_20200623_003350(4),0,2,"[196.00000000000003,131.0,203.0,139.0]",True,0.6322584748268127,"[195.36172485351562,130.14466857910156,204.4606170654297,139.90554809570312]",0.6305369688015476,TP,IOU_GE_0.50,MATCHED,0.25
002_20200623_003350(4),1,2,"[196.00000000000003,153.0,204.0,162.0]",True,0.5693082809448242,"[196.52398681640625,154.17738342285156,205.30613708496094,163.35752868652344]",0.621227304335847,TP,IOU_GE_0.50,MATCHED,0.25
002_20200623_003350(4),2,2,"[199.0,187.0,208.0,195.99999999999997]",True,0.5862725973129272,"[198.451416015625,186.49807739257812,207.04629516601562,195.3900146484375]",0.7507906265490284,TP,IOU_GE_0.50,MATCHED,0.25
002_20200623_003354(3),0,2,"[188.0,123.0,195.99999999999997,134.0]",True,0.5657460689544678,"[187.5162353515625,123.74384307861328,196.47430419921875,132.8922882080078]",0.7563445650417719,TP,IOU_GE_0.50,MATCHED,0.25
002_20200623_003354(3),1,2,"[192.0,146.0,199.99999999999997,157.0]",True,0.5565669536590576,"[191.38381958007812,147.13372802734375,200.64613342285156,156.8662872314453]",0.7763878059093589,TP,IOU_GE_0.50,MATCHED,0.25
002_20200623_003354(3),2,2,"[198.0,178.0,207.00000000000003,186.99999999999997]",True,0.5488148331642151,"[198.50779724121094,178.25596618652344,207.33961486816406,187.333251953125]",0.8543745829986541,TP,IOU_GE_0.50,MATCHED,0.25
002_20200623_003358(2),0,2,"[195.99999999999997,158.0,205.0,168.0]",True,0.5895354747772217,"[196.3052215576172,158.75814819335938,204.9296875,167.57862854003906]",0.8452436927266185,TP,IOU_GE_0.50,MATCHED,0.25
002_20200623_003358(2),1,2,"[198.0,183.0,204.99999999999997,190.0]",True,0.55645751953125,"[196.56727600097656,182.73367309570312,205.56497192382812,192.0290985107422]",0.5858622260584013,TP,IOU_GE_0.50,MATCHED,0.25
002_20200623_003358(2),2,2,"[200.00000000000003,213.0,206.99999999999997,222.99999999999997]",True,0.5839711427688599,"[198.68313598632812,214.98487854003906,207.44419860839844,224.05746459960938]",0.6008359807414063,TP,IOU_GE_0.50,MATCHED,0.25
002_20200623_003402(2),0,2,"[192.99999999999997,156.0,202.0,167.0]",True,0.6371017694473267,"[193.8576202392578,157.45777893066406,202.76718139648438,166.41404724121094]",0.688812621444064,TP,IOU_GE_0.50,MATCHED,0.25
002_20200623_003402(2),1,2,"[194.0,183.0,203.00000000000003,190.0]",True,0.5405766367912292,"[193.80322265625,181.5431671142578,202.803955078125,190.98394775390625]",0.7137273719405709,TP,IOU_GE_0.50,MATCHED,0.25
002_20200623_003402(2),2,2,"[196.00000000000003,214.99999999999997,204.0,223.0]",True,0.5592274069786072,"[195.36773681640625,213.8378448486328,203.96376037597656,222.84219360351562]",0.7910670082863093,TP,IOU_GE_0.50,MATCHED,0.25
002_20200623_003410(2),0,2,"[204.0,114.0,212.0,123.0]",True,0.5728995203971863,"[204.35313415527344,114.78507995605469,212.90774536132812,123.46516418457031]",0.7528899365394789,TP,IOU_GE_0.50,MATCHED,0.25
002_20200623_003410(2),1,2,"[202.0,137.0,210.0,145.0]",True,0.589502215385437,"[201.99241638183594,137.21456909179688,210.88873291015625,146.36476135253906]",0.7493235975925884,TP,IOU_GE_0.50,MATCHED,0.25
002_20200623_003410(2),2,2,"[201.0,170.0,207.99999999999997,178.99999999999997]",True,0.5501731038093567,"[200.72164916992188,170.20523071289062,209.0791778564453,178.2640838623047]",0.7629412657396989,TP,IOU_GE_0.50,MATCHED,0.25
002_20200623_163020(3),0,2,"[157.0,139.00000000000003,166.99999999999997,150.0]",True,0.5987205505371094,"[156.4227752685547,138.7222900390625,167.0749053955078,149.36514282226562]",0.8657992389650538,TP,IOU_GE_0.50,MATCHED,0.25
002_20200623_163020(3),1,2,"[160.0,160.0,169.0,170.0]",True,0.5981698036193848,"[159.2694091796875,160.82418823242188,169.2801055908203,171.38294982910156]",0.730052889265566,TP,IOU_GE_0.50,MATCHED,0.25
002_20200623_163020(3),2,2,"[164.0,186.00000000000003,173.99999999999997,196.0]",True,0.553102433681488,"[164.05267333984375,186.2457275390625,174.0049285888672,196.71453857421875]",0.9054640492026431,TP,IOU_GE_0.50,MATCHED,0.25
002_20200623_163023(3),0,2,"[149.0,129.0,159.0,144.0]",True,0.5758392810821533,"[148.95767211914062,130.13006591796875,159.19345092773438,140.1973419189453]",0.6606966479064678,TP,IOU_GE_0.50,MATCHED,0.25
002_20200623_163023(3),1,2,"[155.00000000000003,149.0,167.0,164.0]",True,0.5314739346504211,"[155.23866271972656,150.80792236328125,165.4678955078125,161.19932556152344]",0.5905337906093352,TP,IOU_GE_0.50,MATCHED,0.25
002_20200623_163023(3),2,2,"[163.0,172.99999999999997,174.99999999999997,187.0]",True,0.5071895122528076,"[162.9506072998047,174.7333984375,173.4768829345703,185.45376586914062]",0.6664472946017631,TP,IOU_GE_0.50,MATCHED,0.25
002_20200623_163026(3),0,2,"[157.0,127.00000000000001,169.0,141.0]",True,0.6336708068847656,"[157.46035766601562,128.299072265625,167.96168518066406,139.0108642578125]",0.6695716427306518,TP,IOU_GE_0.50,MATCHED,0.25
002_20200623_163026(3),1,2,"[159.0,151.0,169.0,160.0]",True,0.5449737906455994,"[159.29580688476562,150.68142700195312,169.3893280029297,160.92141723632812]",0.8237868950439101,TP,IOU_GE_0.50,MATCHED,0.25
002_20200623_163026(3),2,2,"[160.0,177.00000000000003,175.00000000000003,187.0]",True,0.6240649223327637,"[161.4022674560547,176.7635040283203,171.85205078125,187.60354614257812]",0.6581369169612394,TP,IOU_GE_0.50,MATCHED,0.25
002_20200623_163029(6),0,2,"[150.0,114.0,159.0,126.0]",True,0.6196560263633728,"[150.83236694335938,114.88058471679688,160.3856658935547,125.01998901367188]",0.6785338081887354,TP,IOU_GE_0.50,MATCHED,0.25
002_20200623_163029(6),1,2,"[149.0,139.0,161.00000000000003,148.0]",True,0.5548975467681885,"[149.48167419433594,138.43690490722656,159.58084106445312,148.62046813964844]",0.7577342781913263,TP,IOU_GE_0.50,MATCHED,0.25
002_20200623_163029(6),2,2,"[150.0,172.0,161.00000000000003,180.99999999999997]",True,0.5853076577186584,"[149.95791625976562,170.9915771484375,160.03802490234375,181.17971801757812]",0.8112967184684642,TP,IOU_GE_0.50,MATCHED,0.25
002_20200623_163032(5),0,2,"[147.0,160.0,157.0,170.0]",True,0.6050273776054382,"[145.94871520996094,160.44338989257812,155.8227081298828,170.64178466796875]",0.7244587042798042,TP,IOU_GE_0.50,MATCHED,0.25
002_20200623_163032(5),1,2,"[154.0,183.0,160.99999999999997,191.00000000000003]",False,0.5759698152542114,"[152.50247192382812,182.54551696777344,163.21327209472656,193.35536193847656]",0.4836672088899415,FN,NOT_MATCHED,LOCALIZATION_FAILURE,0.25
002_20200623_163032(5),2,2,"[162.00000000000003,213.00000000000003,173.0,222.0]",True,0.5879290103912354,"[162.1995849609375,212.49876403808594,172.6114044189453,223.07937622070312]",0.8116124237938294,TP,IOU_GE_0.50,MATCHED,0.25
002_20200623_163035(5),0,2,"[154.0,117.0,164.0,126.0]",True,0.636066198348999,"[153.19520568847656,115.83021545410156,163.2783966064453,126.10981750488281]",0.7581378997885677,TP,IOU_GE_0.50,MATCHED,0.25
002_20200623_163035(5),1,2,"[154.0,141.0,164.0,149.0]",True,0.5691061019897461,"[153.27720642089844,138.93359375,163.7248992919922,149.57620239257812]",0.6861112696087359,TP,IOU_GE_0.50,MATCHED,0.25
002_20200623_163035(5),2,2,"[154.0,171.00000000000003,165.0,181.0]",True,0.5775742530822754,"[154.3912353515625,171.5618133544922,164.63771057128906,181.9976043701172]",0.8044135277412429,TP,IOU_GE_0.50,MATCHED,0.25
002_20200623_163039(5),0,2,"[206.00000000000003,143.0,213.0,154.0]",True,0.5813135504722595,"[205.67050170898438,143.18101501464844,214.59169006347656,152.2743682861328]",0.6737953104496543,TP,IOU_GE_0.50,MATCHED,0.25
002_20200623_163039(5),1,2,"[213.00000000000003,190.0,220.0,198.99999999999997]",True,0.5484841465950012,"[211.38352966308594,191.32862854003906,219.7876739501953,200.1140594482422]",0.6143082245383188,TP,IOU_GE_0.50,MATCHED,0.25
002_20200623_163039(5),2,2,"[209.0,166.0,218.00000000000003,174.00000000000003]",True,0.6050969362258911,"[207.6624298095703,165.0326385498047,217.36505126953125,175.36380004882812]",0.635407180526567,TP,IOU_GE_0.50,MATCHED,0.25
002_20200623_163043(7),0,2,"[201.0,136.0,207.99999999999997,146.0]",True,0.5701574683189392,"[200.3621368408203,137.03005981445312,209.0946044921875,146.00949096679688]",0.7333260152451119,TP,IOU_GE_0.50,MATCHED,0.25
002_20200623_163043(7),1,2,"[203.0,159.0,212.0,168.0]",True,0.554541826248169,"[202.73721313476562,159.2964324951172,211.79562377929688,168.1708221435547]",0.9023834743744366,TP,IOU_GE_0.50,MATCHED,0.25
002_20200623_163043(7),2,2,"[206.0,182.00000000000003,215.0,192.0]",True,0.5711212754249573,"[206.6217803955078,185.26278686523438,215.0587615966797,193.92079162597656]",0.5295029892981588,TP,IOU_GE_0.50,MATCHED,0.25
002_20200623_163047(6),0,2,"[207.99999999999997,137.0,217.0,147.0]",True,0.5714429616928101,"[207.52867126464844,137.3442840576172,216.9270782470703,146.63893127441406]",0.879140808434578,TP,IOU_GE_0.50,MATCHED,0.25
002_20200623_163047(6),1,2,"[212.0,158.0,218.99999999999997,166.99999999999997]",True,0.5762641429901123,"[210.97572326660156,159.54550170898438,219.68878173828125,168.4138946533203]",0.5923700765793292,TP,IOU_GE_0.50,MATCHED,0.25
002_20200623_163047(6),2,2,"[217.99999999999997,184.99999999999997,224.0,192.0]",True,0.5564894676208496,"[215.89340209960938,185.0764617919922,224.60484313964844,193.91786193847656]",0.536153484327653,TP,IOU_GE_0.50,MATCHED,0.25
002_20200623_163051(7),0,2,"[181.0,131.0,188.99999999999997,139.0]",True,0.571789026260376,"[180.0613555908203,130.47486877441406,189.0088653564453,139.40557861328125]",0.8009249331694832,TP,IOU_GE_0.50,MATCHED,0.25
002_20200623_163051(7),1,2,"[188.99999999999997,151.0,195.0,161.0]",True,0.5466757416725159,"[187.65907287597656,151.83181762695312,196.5447998046875,160.80784606933594]",0.6269462942872843,TP,IOU_GE_0.50,MATCHED,0.25
002_20200623_163051(7),2,2,"[200.00000000000003,181.0,206.99999999999997,189.99999999999997]",True,0.5214359164237976,"[199.8480987548828,180.83888244628906,208.49864196777344,189.14219665527344]",0.7322796465951924,TP,IOU_GE_0.50,MATCHED,0.25
002_20200623_163055(6),0,2,"[201.0,143.99999999999997,207.99999999999997,154.0]",True,0.6135479807853699,"[201.13648986816406,144.5749053955078,210.3304901123047,154.06167602539062]",0.6991001492847704,TP,IOU_GE_0.50,MATCHED,0.25
002_20200623_163055(6),1,2,"[200.00000000000003,169.99999999999997,208.0,178.0]",True,0.5515263080596924,"[200.90892028808594,168.4165496826172,209.72601318359375,177.58665466308594]",0.590817926589496,TP,IOU_GE_0.50,MATCHED,0.25
002_20200623_163055(6),2,2,"[201.0,201.0,207.00000000000003,209.00000000000003]",True,0.5640832185745239,"[200.8363800048828,200.52931213378906,209.55067443847656,209.3281707763672]",0.6260120128866882,TP,IOU_GE_0.50,MATCHED,0.25
002_20200623_163059(6),0,2,"[192.0,153.0,199.99999999999997,161.0]",True,0.6097352504730225,"[189.48779296875,152.09815979003906,198.74330139160156,161.4081573486328]",0.5606432529243484,TP,IOU_GE_0.50,MATCHED,0.25
002_20200623_163059(6),1,2,"[195.0,174.0,203.0,186.0]",True,0.5613383650779724,"[194.71585083007812,174.84454345703125,203.81138610839844,184.40696716308594]",0.7184662214451927,TP,IOU_GE_0.50,MATCHED,0.25
002_20200623_163059(6),2,2,"[202.0,207.0,211.99999999999997,215.00000000000003]",True,0.5736196637153625,"[202.36643981933594,206.08273315429688,210.89794921875,214.602294921875]",0.7384976403187518,TP,IOU_GE_0.50,MATCHED,0.25
002_20200623_203040(4),0,2,"[192.0,178.0,199.99999999999997,187.99999999999997]",True,0.5929594039916992,"[192.60162353515625,178.61441040039062,201.88265991210938,188.2167205810547]",0.6966015658115832,TP,IOU_GE_0.50,MATCHED,0.25
002_20200623_203040(4),1,2,"[198.0,204.0,207.00000000000003,208.99999999999997]",False,0.04167691990733147,"[197.71189880371094,201.3768768310547,207.39712524414062,212.03689575195312]",0.4358577366240396,FN,NOT_MATCHED,NO_DETECTION,0.25
002_20200623_203040(4),2,2,"[204.0,233.00000000000003,210.99999999999997,242.0]",True,0.5556212663650513,"[202.8355712890625,233.07241821289062,211.7728729248047,242.04933166503906]",0.7740392385251065,TP,IOU_GE_0.50,MATCHED,0.25
002_20200623_203044(0),0,2,"[190.0,144.0,198.0,153.0]",True,0.6283549070358276,"[191.03604125976562,144.5415802001953,199.7083740234375,153.66041564941406]",0.639028977369573,TP,IOU_GE_0.50,MATCHED,0.25
002_20200623_203044(0),1,2,"[191.0,167.0,200.00000000000003,177.0]",True,0.5631799101829529,"[191.99729919433594,167.3241424560547,200.84141540527344,176.52597045898438]",0.7534023714380065,TP,IOU_GE_0.50,MATCHED,0.25
002_20200623_203044(0),2,2,"[192.99999999999997,198.0,202.0,208.99999999999997]",True,0.5332380533218384,"[194.68807983398438,199.92359924316406,203.68370056152344,208.87364196777344]",0.5737044048413985,TP,IOU_GE_0.50,MATCHED,0.25
002_20200623_203047(7),0,2,"[184.0,145.0,193.0,156.0]",True,0.588123083114624,"[183.76702880859375,146.56787109375,192.63333129882812,155.6673126220703]",0.7768845433974058,TP,IOU_GE_0.50,MATCHED,0.25
002_20200623_203047(7),1,2,"[190.0,167.0,199.00000000000003,178.0]",True,0.5642601251602173,"[189.0233917236328,168.9423828125,197.59780883789062,177.825439453125]",0.6268084432111374,TP,IOU_GE_0.50,MATCHED,0.25
002_20200623_203047(7),2,2,"[198.0,197.00000000000003,206.0,209.00000000000003]",True,0.5649065971374512,"[196.51824951171875,199.98414611816406,205.31710815429688,208.9098358154297]",0.5979386693154544,TP,IOU_GE_0.50,MATCHED,0.25
002_20200623_203051(2),0,2,"[192.0,133.0,203.0,142.0]",True,0.5781300067901611,"[192.2435302734375,132.8812255859375,200.76658630371094,141.66343688964844]",0.7382986145830439,TP,IOU_GE_0.50,MATCHED,0.25
002_20200623_203051(2),1,2,"[195.99999999999997,153.0,205.0,166.0]",True,0.5216175317764282,"[195.33563232421875,155.70132446289062,204.15829467773438,164.61412048339844]",0.591542497630625,TP,IOU_GE_0.50,MATCHED,0.25
002_20200623_203051(2),2,2,"[200.00000000000003,187.0,208.0,196.99999999999997]",True,0.5673289895057678,"[199.90553283691406,187.50613403320312,208.66189575195312,196.58619689941406]",0.8362187582586352,TP,IOU_GE_0.50,MATCHED,0.25
002_20200623_203054(7),0,2,"[181.0,143.0,190.0,154.0]",True,0.587999701499939,"[182.52783203125,144.33132934570312,191.25611877441406,153.39599609375]",0.6135971012395236,TP,IOU_GE_0.50,MATCHED,0.25
002_20200623_203054(7),1,2,"[189.00000000000003,164.0,197.0,175.0]",True,0.5575848817825317,"[188.35043334960938,166.62042236328125,197.03079223632812,175.41177368164062]",0.6891421404433412,TP,IOU_GE_0.50,MATCHED,0.25
002_20200623_203054(7),2,2,"[198.0,193.99999999999997,207.00000000000003,208.0]",True,0.5604055523872375,"[197.86009216308594,196.69741821289062,206.68331909179688,205.5223846435547]",0.6022728890338312,TP,IOU_GE_0.50,MATCHED,0.25
002_20200623_203058(3),0,2,"[195.0,145.0,204.0,155.0]",True,0.562953531742096,"[195.57598876953125,146.1356964111328,204.3741455078125,155.0292510986328]",0.7980109504747804,TP,IOU_GE_0.50,MATCHED,0.25
002_20200623_203058(3),1,2,"[198.0,167.0,210.00000000000003,177.0]",True,0.5351114869117737,"[200.29432678222656,168.3586883544922,209.1060791015625,177.36459350585938]",0.617997115507019,TP,IOU_GE_0.50,MATCHED,0.25
002_20200623_203058(3),2,2,"[209.0,198.0,217.0,210.0]",False,0.21216386556625366,"[206.66751098632812,199.13548278808594,216.5152130126953,210.02993774414062]",0.6712571683721329,FN,NOT_MATCHED,LOW_CONFIDENCE,0.25
002_20200624_003115(6),0,2,"[153.0,143.99999999999997,165.0,154.0]",True,0.6964952349662781,"[153.2487335205078,143.6614227294922,163.84600830078125,154.6968994140625]",0.8091176115154309,TP,IOU_GE_0.50,MATCHED,0.25
002_20200624_003115(6),1,2,"[155.00000000000003,169.0,167.0,178.99999999999997]",True,0.536033034324646,"[155.42984008789062,167.6899871826172,165.48802185058594,178.05587768554688]",0.683947756596299,TP,IOU_GE_0.50,MATCHED,0.25
002_20200624_003115(6),2,2,"[157.0,199.0,167.99999999999997,211.0]",True,0.6142159700393677,"[158.17098999023438,199.84007263183594,168.14356994628906,209.90487670898438]",0.7413320657525668,TP,IOU_GE_0.50,MATCHED,0.25
002_20200624_003118(6),0,2,"[145.0,140.0,156.0,149.0]",True,0.6585215330123901,"[145.62826538085938,140.55294799804688,155.34622192382812,150.58070373535156]",0.7177965686290593,TP,IOU_GE_0.50,MATCHED,0.25
002_20200624_003118(6),1,2,"[146.0,164.0,160.0,174.0]",True,0.5818584561347961,"[146.5520782470703,164.06387329101562,156.49403381347656,174.47386169433594]",0.6826326530096736,TP,IOU_GE_0.50,MATCHED,0.25
002_20200624_003118(6),2,2,"[148.0,196.0,160.0,208.0]",True,0.5909823179244995,"[148.5081787109375,196.62017822265625,158.6312713623047,206.65728759765625]",0.7056013066321611,TP,IOU_GE_0.50,MATCHED,0.25
002_20200624_003123(0),0,2,"[149.0,143.99999999999997,161.00000000000003,154.0]",True,0.6442452073097229,"[150.53363037109375,143.81356811523438,160.35948181152344,154.26126098632812]",0.7898660208040538,TP,IOU_GE_0.50,MATCHED,0.25
002_20200624_003123(0),1,2,"[151.0,167.0,162.0,179.0]",True,0.539040207862854,"[151.66395568847656,167.69590759277344,161.7203826904297,178.11770629882812]",0.7939852872461249,TP,IOU_GE_0.50,MATCHED,0.25
002_20200624_003123(0),2,2,"[152.0,200.00000000000003,166.0,210.0]",True,0.6141465306282043,"[154.76953125,199.9403533935547,164.5540313720703,209.9627685546875]",0.6934002377273625,TP,IOU_GE_0.50,MATCHED,0.25
002_20200624_003127(5),0,2,"[149.0,144.0,159.0,156.0]",True,0.6456875801086426,"[150.8397979736328,143.7411346435547,160.79617309570312,154.3397674560547]",0.597768092935598,TP,IOU_GE_0.50,MATCHED,0.25
002_20200624_003127(5),1,2,"[152.0,166.0,165.0,178.0]",True,0.5702076554298401,"[152.6922149658203,167.12374877929688,162.19027709960938,176.7172088623047]",0.584097948374573,TP,IOU_GE_0.50,MATCHED,0.25
002_20200624_003127(5),2,2,"[155.0,198.0,164.0,210.0]",True,0.5683154463768005,"[155.1172332763672,200.02976989746094,164.5107879638672,209.52792358398438]",0.7476183450595583,TP,IOU_GE_0.50,MATCHED,0.25
002_20200624_003132(0),0,2,"[143.0,143.0,154.0,155.0]",True,0.680585503578186,"[144.84153747558594,143.9745330810547,155.16485595703125,154.69873046875]",0.6797404781824313,TP,IOU_GE_0.50,MATCHED,0.25
002_20200624_003132(0),1,2,"[145.0,168.0,158.0,182.00000000000003]",False,0.0024129750672727823,"[145.27947998046875,166.9054412841797,158.3346710205078,181.17489624023438]",0.8350394898610212,FN,NOT_MATCHED,LOW_CONFIDENCE,0.25
002_20200624_003132(0),2,2,"[148.0,200.00000000000003,161.00000000000003,212.00000000000003]",True,0.6231420040130615,"[149.76953125,199.75892639160156,159.66592407226562,209.68008422851562]",0.6048392014885281,TP,IOU_GE_0.50,MATCHED,0.25
002_20200624_003136(5),0,2,"[141.0,142.0,155.0,157.0]",True,0.6272493600845337,"[142.3492431640625,143.71290588378906,152.4727783203125,154.4668426513672]",0.5184183663555554,TP,IOU_GE_0.50,MATCHED,0.25
002_20200624_003136(5),1,2,"[144.0,165.0,157.0,180.0]",True,0.6395421624183655,"[144.53077697753906,167.16909790039062,154.57626342773438,177.1057586669922]",0.5118902107235044,TP,IOU_GE_0.50,MATCHED,0.25
002_20200624_003136(5),2,2,"[148.0,198.00000000000003,157.0,213.0]",True,0.6067947745323181,"[147.63502502441406,199.6498565673828,157.20701599121094,209.4981231689453]",0.6302526723955106,TP,IOU_GE_0.50,MATCHED,0.25
002_20200624_043128(1),0,2,"[188.0,153.0,197.0,161.0]",True,0.5689042210578918,"[186.8574676513672,151.50009155273438,195.963623046875,160.651123046875]",0.6454515290349079,TP,IOU_GE_0.50,MATCHED,0.25
002_20200624_043128(1),1,2,"[193.0,175.0,199.99999999999997,183.00000000000003]",True,0.5522630214691162,"[191.6455535888672,174.0828399658203,200.90423583984375,183.9525604248047]",0.612821502007237,TP,IOU_GE_0.50,MATCHED,0.25
002_20200624_043128(1),2,2,"[199.0,205.0,210.0,213.99999999999997]",True,0.5582296252250671,"[199.4919891357422,205.47451782226562,208.36940002441406,214.619140625]",0.7242759859635006,TP,IOU_GE_0.50,MATCHED,0.25
002_20200624_043132(2),0,2,"[200.00000000000003,113.0,208.0,125.0]",True,0.5809642672538757,"[200.2332763671875,114.92405700683594,208.88287353515625,123.859375]",0.6680043947031582,TP,IOU_GE_0.50,MATCHED,0.25
002_20200624_043132(2),1,2,"[201.0,138.0,209.0,148.00000000000003]",True,0.5495695471763611,"[200.78475952148438,138.21385192871094,209.4081268310547,147.1691436767578]",0.8371149178445584,TP,IOU_GE_0.50,MATCHED,0.25
002_20200624_043132(2),2,2,"[203.0,171.00000000000003,209.0,180.0]",True,0.5863248109817505,"[202.59140014648438,171.34400939941406,211.0574188232422,179.85409545898438]",0.6809337094523883,TP,IOU_GE_0.50,MATCHED,0.25
002_20200624_043136(1),0,2,"[196.00000000000003,140.0,203.0,152.0]",True,0.6093482375144958,"[195.14981079101562,141.7305145263672,204.30511474609375,151.00027465820312]",0.624051268949201,TP,IOU_GE_0.50,MATCHED,0.25
002_20200624_043136(1),1,2,"[198.0,164.0,204.0,175.0]",True,0.5518172383308411,"[196.90577697753906,165.39459228515625,205.796142578125,174.79940795898438]",0.6055683830761505,TP,IOU_GE_0.50,MATCHED,0.25
002_20200624_043136(1),2,2,"[202.0,197.00000000000003,210.0,205.99999999999997]",True,0.5763798952102661,"[201.41978454589844,197.75991821289062,209.97398376464844,206.528564453125]",0.808170768493164,TP,IOU_GE_0.50,MATCHED,0.25
002_20200624_043136(9),0,2,"[149.0,144.0,160.0,155.0]",True,0.6472780108451843,"[149.80117797851562,143.39730834960938,160.15255737304688,154.18650817871094]",0.8066479725596853,TP,IOU_GE_0.50,MATCHED,0.25
002_20200624_043136(9),1,2,"[151.0,168.00000000000003,162.0,177.0]",True,0.5581621527671814,"[151.80955505371094,167.5281524658203,161.90969848632812,178.00485229492188]",0.7979755658702397,TP,IOU_GE_0.50,MATCHED,0.25
002_20200624_043136(9),2,2,"[153.0,198.0,166.0,211.0]",True,0.6210270524024963,"[154.36520385742188,199.80123901367188,164.334716796875,209.96124267578125]",0.5993508164159204,TP,IOU_GE_0.50,MATCHED,0.25
002_20200624_043140(2),0,2,"[189.00000000000003,159.0,199.0,170.0]",True,0.5499246120452881,"[191.07106018066406,160.21421813964844,200.24139404296875,169.42410278320312]",0.6013568255074351,TP,IOU_GE_0.50,MATCHED,0.25
002_20200624_043140(2),1,2,"[194.0,182.00000000000003,203.00000000000003,194.00000000000003]",True,0.5687021613121033,"[194.64840698242188,183.10256958007812,203.87823486328125,192.89105224609375]",0.7011305028279774,TP,IOU_GE_0.50,MATCHED,0.25
002_20200624_043140(2),2,2,"[199.99999999999997,213.0,209.0,225.0]",True,0.5673028826713562,"[200.3035430908203,215.4401092529297,208.7296142578125,224.09609985351562]",0.6753332668643733,TP,IOU_GE_0.50,MATCHED,0.25
002_20200624_043141(4),0,2,"[151.0,141.0,162.0,155.0]",True,0.5465224981307983,"[150.99192810058594,142.96214294433594,161.0941162109375,153.51144409179688]",0.6910845706030467,TP,IOU_GE_0.50,MATCHED,0.25
002_20200624_043141(4),1,2,"[153.0,166.0,164.0,180.00000000000003]",True,0.6348455548286438,"[152.87921142578125,167.11868286132812,162.84716796875,176.974365234375]",0.6253642371939008,TP,IOU_GE_0.50,MATCHED,0.25
002_20200624_043141(4),2,2,"[155.0,198.0,164.0,212.00000000000003]",True,0.6290925741195679,"[155.75352478027344,199.0463104248047,165.55670166015625,209.22337341308594]",0.5916760384828145,TP,IOU_GE_0.50,MATCHED,0.25
002_20200624_043144(2),0,2,"[200.00000000000003,149.0,210.0,157.0]",True,0.5713456869125366,"[201.1935272216797,148.2099609375,209.7490692138672,156.83660888671875]",0.7727875181383458,TP,IOU_GE_0.50,MATCHED,0.25
002_20200624_043144(2),1,2,"[198.0,170.0,207.00000000000003,181.0]",True,0.5566384792327881,"[197.24237060546875,171.52008056640625,206.20921325683594,180.60987854003906]",0.7047163745898167,TP,IOU_GE_0.50,MATCHED,0.25
002_20200624_043144(2),2,2,"[193.0,201.0,201.0,214.0]",True,0.5858203768730164,"[193.2688751220703,203.19085693359375,202.3323974609375,212.4228973388672]",0.6137024823359972,TP,IOU_GE_0.50,MATCHED,0.25
002_20200624_043145(8),0,2,"[153.0,143.0,164.0,154.0]",True,0.6350235342979431,"[154.4348907470703,143.54661560058594,164.5565643310547,154.1884307861328]",0.7767535149757523,TP,IOU_GE_0.50,MATCHED,0.25
002_20200624_043145(8),1,2,"[155.00000000000003,169.0,167.0,177.99999999999997]",True,0.5395412445068359,"[155.95077514648438,167.53903198242188,165.98243713378906,177.87586975097656]",0.7259308201937743,TP,IOU_GE_0.50,MATCHED,0.25
002_20200624_043145(8),2,2,"[160.0,199.0,169.0,210.0]",True,0.5734243988990784,"[159.2195587158203,200.119873046875,168.98988342285156,210.04364013671875]",0.8290412537436375,TP,IOU_GE_0.50,MATCHED,0.25
002_20200624_043148(1),0,2,"[198.0,121.00000000000001,206.0,132.0]",True,0.6307746767997742,"[197.9573974609375,122.8089370727539,207.00897216796875,131.9672393798828]",0.7504449336632956,TP,IOU_GE_0.50,MATCHED,0.25
002_20200624_043148(1),1,2,"[198.0,146.0,204.99999999999997,155.0]",True,0.5639448761940002,"[197.0723419189453,146.806396484375,206.01736450195312,156.1237030029297]",0.6445255092095482,TP,IOU_GE_0.50,MATCHED,0.25
002_20200624_043148(1),2,2,"[199.0,178.99999999999997,208.0,186.0]",True,0.5903867483139038,"[197.80697631835938,179.27236938476562,207.0588836669922,188.665283203125]",0.5666206073570823,TP,IOU_GE_0.50,MATCHED,0.25
002_20200624_043150(3),0,2,"[146.0,142.0,158.0,153.0]",True,0.5525581240653992,"[147.8516082763672,142.5541534423828,158.01016235351562,152.72760009765625]",0.7815403135167888,TP,IOU_GE_0.50,MATCHED,0.25
002_20200624_043150(3),1,2,"[149.0,164.0,160.0,178.99999999999997]",True,0.596499502658844,"[149.93011474609375,166.3683319091797,159.88528442382812,176.5025634765625]",0.6114423927681703,TP,IOU_GE_0.50,MATCHED,0.25
002_20200624_043150(3),2,2,"[153.0,195.0,163.0,209.00000000000003]",True,0.6183171272277832,"[153.205078125,198.76718139648438,163.2511444091797,209.0364990234375]",0.7012176590511989,TP,IOU_GE_0.50,MATCHED,0.25
002_20200624_043154(8),0,2,"[150.0,143.0,164.0,155.0]",True,0.6285768747329712,"[150.8861846923828,144.08103942871094,160.6629638671875,154.50100708007812]",0.6063912067620549,TP,IOU_GE_0.50,MATCHED,0.25
002_20200624_043154(8),1,2,"[152.0,167.0,164.0,179.0]",True,0.5872839093208313,"[152.02549743652344,167.69224548339844,162.90455627441406,179.1361541748047]",0.8455917462372042,TP,IOU_GE_0.50,MATCHED,0.25
002_20200624_043154(8),2,2,"[156.0,199.0,165.0,212.00000000000003]",True,0.5967172980308533,"[155.76608276367188,200.0491943359375,165.535400390625,210.0488739013672]",0.7217499521964017,TP,IOU_GE_0.50,MATCHED,0.25
002_20200624_043159(4),0,2,"[150.0,141.0,160.0,156.0]",True,0.6503575444221497,"[149.4208984375,143.3580780029297,159.96218872070312,154.3217315673828]",0.6985777826438155,TP,IOU_GE_0.50,MATCHED,0.25
002_20200624_043159(4),1,2,"[153.0,166.0,160.99999999999997,178.0]",True,0.5510761737823486,"[151.6802520751953,167.21920776367188,161.69937133789062,177.55564880371094]",0.7075482967704976,TP,IOU_GE_0.50,MATCHED,0.25
002_20200624_043159(4),2,2,"[155.0,198.0,163.0,211.0]",True,0.6067622303962708,"[154.5162353515625,199.7213134765625,164.32986450195312,209.69789123535156]",0.6536991564363396,TP,IOU_GE_0.50,MATCHED,0.25
002_20200624_203044(4),0,2,"[192.99999999999997,139.00000000000003,205.0,150.0]",True,0.5976253151893616,"[193.0576934814453,141.21630859375,202.22923278808594,150.37664794921875]",0.5947384974235467,TP,IOU_GE_0.50,MATCHED,0.25
002_20200624_203044(4),1,2,"[192.99999999999997,167.0,205.0,175.99999999999997]",True,0.5768299102783203,"[194.2779998779297,165.0345916748047,203.75314331054688,174.9455108642578]",0.594561312196218,TP,IOU_GE_0.50,MATCHED,0.25
002_20200624_203044(4),2,2,"[198.0,197.00000000000003,207.99999999999997,207.0]",True,0.5713000893592834,"[197.233642578125,198.396240234375,205.72410583496094,207.093017578125]",0.6188703475246566,TP,IOU_GE_0.50,MATCHED,0.25
002_20200714_225756(0),0,2,"[188.0,146.0,195.99999999999997,156.0]",True,0.5615980625152588,"[187.24253845214844,145.98678588867188,196.09930419921875,154.97195434570312]",0.8174538584847593,TP,IOU_GE_0.50,MATCHED,0.25
002_20200714_225756(0),1,2,"[194.0,168.00000000000003,202.0,178.0]",True,0.5473714470863342,"[193.61138916015625,168.55267333984375,202.2634735107422,177.3579559326172]",0.8215627784571934,TP,IOU_GE_0.50,MATCHED,0.25
002_20200714_225756(0),2,2,"[203.0,198.00000000000003,212.0,208.0]",True,0.5549678802490234,"[203.00474548339844,198.90805053710938,211.61956787109375,207.3033447265625]",0.8035996481621039,TP,IOU_GE_0.50,MATCHED,0.25
002_20200714_225759(8),0,2,"[199.0,139.0,208.0,149.0]",True,0.6332740783691406,"[199.7963104248047,139.3412322998047,208.6053466796875,148.67649841308594]",0.800656212388643,TP,IOU_GE_0.50,MATCHED,0.25
002_20200714_225759(8),1,2,"[201.0,162.0,210.00000000000003,171.0]",True,0.5593871474266052,"[201.19662475585938,163.32423400878906,209.97772216796875,172.49534606933594]",0.7160426083757999,TP,IOU_GE_0.50,MATCHED,0.25
002_20200714_225759(8),2,2,"[205.0,196.0,214.00000000000003,205.99999999999997]",True,0.5601180195808411,"[204.88232421875,195.71546936035156,213.6517791748047,204.5809326171875]",0.7939722638756481,TP,IOU_GE_0.50,MATCHED,0.25
002_20200714_225803(3),0,2,"[192.99999999999997,147.0,202.0,156.0]",True,0.603750467300415,"[194.1302490234375,147.0101318359375,203.43443298339844,156.47828674316406]",0.7193829226280636,TP,IOU_GE_0.50,MATCHED,0.25
002_20200714_225803(3),1,2,"[195.0,171.0,203.0,179.0]",True,0.554151713848114,"[195.08450317382812,171.4150390625,203.5875244140625,180.27767944335938]",0.7569133508766944,TP,IOU_GE_0.50,MATCHED,0.25
002_20200714_225803(3),2,2,"[197.0,202.0,203.99999999999997,214.0]",True,0.5652804374694824,"[196.8451385498047,203.65670776367188,205.48406982421875,212.59132385253906]",0.6340254456753337,TP,IOU_GE_0.50,MATCHED,0.25
002_20200714_225807(3),0,2,"[206.99999999999997,140.0,216.0,149.0]",True,0.5533974766731262,"[208.21559143066406,140.3629150390625,217.2028350830078,148.87979125976562]",0.7266072881336526,TP,IOU_GE_0.50,MATCHED,0.25
002_20200714_225807(3),1,2,"[211.00000000000003,162.0,221.0,171.0]",True,0.5428245663642883,"[211.56561279296875,162.91384887695312,219.52322387695312,171.12843322753906]",0.7069327248440164,TP,IOU_GE_0.50,MATCHED,0.25
002_20200714_225807(3),2,2,"[216.0,186.00000000000003,225.00000000000003,196.0]",True,0.5714807510375977,"[216.74851989746094,186.92202758789062,225.6232452392578,196.2517852783203]",0.765194883475155,TP,IOU_GE_0.50,MATCHED,0.25
002_20200714_225810(5),0,2,"[201.0,146.0,212.0,156.0]",True,0.5662867426872253,"[202.59152221679688,146.7931365966797,211.03353881835938,155.61703491210938]",0.6771954188123346,TP,IOU_GE_0.50,MATCHED,0.25
002_20200714_225810(5),1,2,"[202.0,169.0,210.0,177.00000000000003]",True,0.5531066656112671,"[201.64260864257812,169.09036254882812,210.07200622558594,177.6651153564453]",0.8667751384967579,TP,IOU_GE_0.50,MATCHED,0.25
002_20200714_225810(5),2,2,"[202.0,195.0,210.0,203.00000000000003]",True,0.5744755268096924,"[201.45042419433594,195.20252990722656,210.00933837890625,204.0963897705078]",0.8023943635396178,TP,IOU_GE_0.50,MATCHED,0.25
002_20200714_225817(4),0,2,"[201.0,99.0,210.00000000000003,109.00000000000001]",True,0.5705792903900146,"[201.25486755371094,98.59708404541016,210.1171417236328,107.80303955078125]",0.8137648624339007,TP,IOU_GE_0.50,MATCHED,0.25
002_20200714_225817(4),1,2,"[201.0,122.0,210.00000000000003,130.0]",True,0.5464096069335938,"[201.14291381835938,121.22814178466797,209.66342163085938,129.8211212158203]",0.8480884144503468,TP,IOU_GE_0.50,MATCHED,0.25
002_20200714_225817(4),2,2,"[202.0,147.0,210.0,156.0]",True,0.5539450645446777,"[202.1829071044922,146.88917541503906,211.0065460205078,156.12960815429688]",0.845798182068444,TP,IOU_GE_0.50,MATCHED,0.25
002_20200715_002509(0),0,2,"[207.99999999999997,129.0,217.0,137.0]",True,0.5490028262138367,"[207.49917602539062,129.2017822265625,216.5413055419922,138.26243591308594]",0.7627859581910638,TP,IOU_GE_0.50,MATCHED,0.25
002_20200715_002509(0),1,2,"[210.00000000000003,151.0,217.0,158.0]",True,0.5311471819877625,"[209.02940368652344,151.2890167236328,217.689697265625,160.01905822753906]",0.6051550998871206,TP,IOU_GE_0.50,MATCHED,0.25
002_20200715_002509(0),2,2,"[212.0,178.0,221.99999999999997,184.0]",True,0.5339000225067139,"[211.970458984375,176.59487915039062,221.2499542236328,185.89137268066406]",0.6114523955951938,TP,IOU_GE_0.50,MATCHED,0.25
002_20200715_002513(4),0,2,"[205.0,138.0,211.99999999999997,147.0]",True,0.555150032043457,"[204.63706970214844,137.38426208496094,213.57806396484375,146.603271484375]",0.706806630355328,TP,IOU_GE_0.50,MATCHED,0.25
002_20200715_002513(4),1,2,"[207.99999999999997,160.0,217.0,169.0]",True,0.5419176816940308,"[207.79275512695312,159.59805297851562,216.85476684570312,168.57130432128906]",0.8782451821386711,TP,IOU_GE_0.50,MATCHED,0.25
002_20200715_002513(4),2,2,"[212.0,184.99999999999997,220.0,193.0]",True,0.5204546451568604,"[212.3322296142578,184.6990966796875,221.18386840820312,193.82948303222656]",0.734841568441852,TP,IOU_GE_0.50,MATCHED,0.25
002_20200831_163149(1),0,2,"[253.00000000000003,120.0,260.0,129.0]",True,0.6097974181175232,"[251.61788940429688,118.98529052734375,262.0391845703125,129.98548889160156]",0.5495640759939079,TP,IOU_GE_0.50,MATCHED,0.25
002_20200831_163150(6),0,2,"[241.00000000000003,137.0,251.0,148.0]",True,0.5919017791748047,"[241.5111541748047,137.33612060546875,251.0377960205078,146.9715576171875]",0.8284316096876594,TP,IOU_GE_0.50,MATCHED,0.25
002_20200901_083452(2),0,2,"[242.0,170.0,252.99999999999997,180.0]",True,0.5900483727455139,"[243.30250549316406,171.01881408691406,253.01754760742188,180.7833709716797]",0.7395467501131133,TP,IOU_GE_0.50,MATCHED,0.25
002_20200901_083456(7),0,2,"[237.0,180.00000000000003,248.0,189.0]",True,0.6212090849876404,"[237.0817413330078,179.41455078125,247.52914428710938,190.12564086914062]",0.8044959312706614,TP,IOU_GE_0.50,MATCHED,0.25
002_20200901_083501(2),0,2,"[242.0,182.00000000000003,253.99999999999997,192.0]",True,0.5994876623153687,"[243.2156524658203,183.0850067138672,253.21896362304688,193.1605682373047]",0.6776063637667278,TP,IOU_GE_0.50,MATCHED,0.25
002_20200901_083505(8),0,2,"[236.0,187.0,246.99999999999997,196.99999999999997]",True,0.5482207536697388,"[236.13137817382812,187.21372985839844,246.56216430664062,197.474609375]",0.8880209087570032,TP,IOU_GE_0.50,MATCHED,0.25
002_20200901_083510(2),0,2,"[241.00000000000003,150.0,252.0,161.0]",True,0.5442274808883667,"[242.5751190185547,149.77015686035156,252.80447387695312,160.1695098876953]",0.7286913955556701,TP,IOU_GE_0.50,MATCHED,0.25
002_20200901_083514(7),0,2,"[246.0,168.00000000000003,256.0,178.0]",True,0.6214866638183594,"[244.91006469726562,167.7987823486328,255.69363403320312,179.0399932861328]",0.7799580902796834,TP,IOU_GE_0.50,MATCHED,0.25
002_20200901_191340(2),0,2,"[243.0,150.0,252.99999999999997,159.0]",True,0.6236963272094727,"[242.951171875,148.75909423828125,253.74929809570312,159.83480834960938]",0.7525274955460752,TP,IOU_GE_0.50,MATCHED,0.25
002_20200901_191343(2),0,2,"[245.0,172.0,253.99999999999997,183.0]",True,0.6341612935066223,"[244.3032989501953,172.7428741455078,254.92420959472656,183.72999572753906]",0.748215295723892,TP,IOU_GE_0.50,MATCHED,0.25
002_20200901_191346(1),0,2,"[246.0,159.0,256.0,169.0]",True,0.5414528846740723,"[246.37428283691406,159.05795288085938,256.7295227050781,169.72677612304688]",0.8337712050536867,TP,IOU_GE_0.50,MATCHED,0.25
002_20200901_191348(8),0,2,"[242.0,138.0,251.99999999999997,148.00000000000003]",True,0.5855617523193359,"[242.4824981689453,137.38412475585938,252.01971435546875,147.2480926513672]",0.8299265732692495,TP,IOU_GE_0.50,MATCHED,0.25
002_20200901_191351(5),0,2,"[236.0,178.0,248.0,189.0]",True,0.5924016237258911,"[237.73150634765625,178.80584716796875,247.3302764892578,188.7503204345703]",0.7231417656470457,TP,IOU_GE_0.50,MATCHED,0.25
002_20200905_003315(2),0,2,"[246.0,168.0,256.0,180.0]",True,0.6289281249046326,"[245.36468505859375,168.56944274902344,255.46885681152344,179.12484741210938]",0.7888151340648323,TP,IOU_GE_0.50,MATCHED,0.25
002_20200905_003319(2),0,2,"[246.0,162.0,256.0,171.0]",True,0.5804821252822876,"[247.20556640625,161.62767028808594,256.5875244140625,171.50070190429688]",0.7648925002557224,TP,IOU_GE_0.50,MATCHED,0.25
002_20200905_003323(3),0,2,"[245.0,161.0,255.0,171.0]",True,0.6080971360206604,"[244.7113800048828,161.71974182128906,254.8575897216797,172.0455780029297]",0.8075143600893842,TP,IOU_GE_0.50,MATCHED,0.25
002_20200905_003327(3),0,2,"[242.0,162.0,251.99999999999997,172.99999999999997]",True,0.57363361120224,"[243.1552276611328,162.8140106201172,252.57081604003906,172.40341186523438]",0.7345049924578294,TP,IOU_GE_0.50,MATCHED,0.25
002_20200905_003331(2),0,2,"[247.00000000000003,164.0,256.0,172.99999999999997]",True,0.5488071441650391,"[247.0576629638672,163.35169982910156,257.8957214355469,174.2357635498047]",0.6792732600059385,TP,IOU_GE_0.50,MATCHED,0.25
002_20200905_003335(3),0,2,"[245.0,165.99999999999997,253.99999999999997,175.99999999999997]",True,0.6122018694877625,"[244.32533264160156,166.4527130126953,254.6005401611328,176.7410125732422]",0.7826441250013798,TP,IOU_GE_0.50,MATCHED,0.25
002_20200905_163922(9),0,2,"[245.0,153.0,257.0,163.0]",True,0.6216093301773071,"[247.09962463378906,154.7328338623047,257.2664489746094,164.86441040039062]",0.5798332336431626,TP,IOU_GE_0.50,MATCHED,0.25
002_20200905_163926(4),0,2,"[242.00000000000003,138.0,251.0,148.00000000000003]",True,0.5732617974281311,"[241.93167114257812,137.6345672607422,252.2319793701172,148.178955078125]",0.8286495865103284,TP,IOU_GE_0.50,MATCHED,0.25
002_20200905_163929(7),0,2,"[242.00000000000003,127.99999999999999,251.0,138.0]",True,0.5766732692718506,"[241.8287811279297,128.76251220703125,251.46759033203125,138.77845764160156]",0.8040024662825334,TP,IOU_GE_0.50,MATCHED,0.25
002_20200905_163932(9),0,2,"[247.00000000000003,148.0,257.0,160.0]",True,0.6101638078689575,"[247.28158569335938,148.1016082763672,257.99700927734375,159.3748016357422]",0.8347912151930571,TP,IOU_GE_0.50,MATCHED,0.25
002_20200905_163936(2),0,2,"[239.0,148.0,250.0,158.0]",True,0.5633465051651001,"[239.16065979003906,146.7022705078125,250.32443237304688,158.6759796142578]",0.8012619270630286,TP,IOU_GE_0.50,MATCHED,0.25
002_20200905_163939(7),0,2,"[249.0,126.0,259.0,135.0]",True,0.5690354704856873,"[250.46575927734375,125.60685729980469,260.9524230957031,136.5465545654297]",0.6004730560597579,TP,IOU_GE_0.50,MATCHED,0.25
002_20200905_203836(3),0,2,"[250.0,132.0,260.0,141.0]",True,0.5248368382453918,"[251.59515380859375,132.68101501464844,260.8538818359375,142.20411682128906]",0.6458982387103407,TP,IOU_GE_0.50,MATCHED,0.25
002_20200905_203840(3),0,2,"[247.00000000000003,132.0,256.0,141.0]",True,0.5572080016136169,"[247.0111083984375,131.2478485107422,256.3810729980469,140.9629364013672]",0.8808667726948772,TP,IOU_GE_0.50,MATCHED,0.25
002_20200905_203844(2),0,2,"[243.0,188.00000000000003,253.99999999999997,196.99999999999997]",True,0.5409854650497437,"[244.3531951904297,188.5400390625,253.54283142089844,198.07176208496094]",0.7142361388990872,TP,IOU_GE_0.50,MATCHED,0.25
002_20200905_203848(4),0,2,"[242.00000000000003,156.0,251.0,166.0]",True,0.5587985515594482,"[242.63621520996094,155.67124938964844,251.66934204101562,165.03427124023438]",0.7631109523341744,TP,IOU_GE_0.50,MATCHED,0.25
002_20200905_203856(3),0,2,"[239.0,235.0,251.0,245.0]",True,0.5348576307296753,"[241.36610412597656,234.60562133789062,250.8756561279297,243.91921997070312]",0.6853942333211088,TP,IOU_GE_0.50,MATCHED,0.25
002_20200905_203900(3),0,2,"[246.0,233.00000000000003,255.0,243.0]",True,0.5255169868469238,"[246.8802032470703,232.6567840576172,256.0664978027344,242.41709899902344]",0.7409665400207347,TP,IOU_GE_0.50,MATCHED,0.25
002_20200906_003059(0),0,2,"[243.0,155.0,250.99999999999997,165.0]",True,0.5543693900108337,"[243.62127685546875,155.8914031982422,252.7782745361328,165.61033630371094]",0.6603022768357392,TP,IOU_GE_0.50,MATCHED,0.25
