stem,fold_id,prediction_index,prediction_bbox_json,confidence,nearest_gt_iou,fp_status,report_confidence_threshold,was_matched
001_20200622_203305(8),2,1,"[357.8056335449219,186.88006591796875,370.88690185546875,199.6273956298828]",0.5750476717948914,0.28785393104794266,LOCALIZATION_FALSE_POSITIVE,0.25,False
001_20200622_203305(8),2,3,"[362.18731689453125,217.07296752929688,374.5700988769531,231.493408203125]",0.3079458773136139,0.4480156946416507,LOCALIZATION_FALSE_POSITIVE,0.25,False
001_20200622_203316(0),2,0,"[360.89678955078125,202.87171936035156,373.4663391113281,215.73703002929688]",0.614915132522583,0.47615761317265914,LOCALIZATION_FALSE_POSITIVE,0.25,False
001_20200622_203316(0),2,1,"[367.5235290527344,273.2032470703125,380.2481689453125,285.8448181152344]",0.6128447651863098,0.463010763379156,LOCALIZATION_FALSE_POSITIVE,0.25,False
001_20200622_203319(4),2,3,"[363.777587890625,204.78756713867188,377.0126037597656,219.00892639160156]",0.35619696974754333,0.6375520876697165,DUPLICATE_EXCESS,0.25,False
001_20200622_203319(4),2,4,"[373.3349609375,273.35040283203125,387.31121826171875,288.9144592285156]",0.29308706521987915,0.45971250354771537,LOCALIZATION_FALSE_POSITIVE,0.25,False
001_20200623_203247(5),2,3,"[349.324951171875,258.29168701171875,365.0037536621094,274.5412902832031]",0.34058624505996704,0.7672886350094253,DUPLICATE_EXCESS,0.25,False
001_20200623_203247(5),2,4,"[343.295654296875,180.88021850585938,355.4574279785156,194.2462921142578]",0.2834252417087555,0.5046780334963712,DUPLICATE_EXCESS,0.25,False
001_20200624_162821(2),2,3,"[351.0474548339844,220.20704650878906,365.4054870605469,235.03396606445312]",0.25379642844200134,0.6414589790135615,DUPLICATE_EXCESS,0.25,False
001_20200625_003507(0),2,3,"[342.864990234375,175.01873779296875,355.4498291015625,189.2109832763672]",0.2579399049282074,0.6922958407091696,DUPLICATE_EXCESS,0.25,False
001_20200625_003515(9),2,3,"[348.8780822753906,230.8876190185547,363.5392761230469,246.70655822753906]",0.41499656438827515,0.6339616067771225,DUPLICATE_EXCESS,0.25,False
001_20200629_123111(6),2,3,"[348.10748291015625,158.7279510498047,361.9624938964844,173.845458984375]",0.27638888359069824,0.5648898612063774,DUPLICATE_EXCESS,0.25,False
001_20200810_163116(0),2,0,"[322.65240478515625,191.15003967285156,334.5141296386719,204.05892944335938]",0.5631588697433472,0.49343922707754767,LOCALIZATION_FALSE_POSITIVE,0.25,False
001_20200819_162723(4),2,0,"[313.8472595214844,156.67739868164062,326.2398986816406,169.2580108642578]",0.5656197667121887,0.4959703850740886,LOCALIZATION_FALSE_POSITIVE,0.25,False
001_20200821_163349(7),2,1,"[318.745361328125,215.25111389160156,329.07159423828125,226.41079711914062]",0.32386690378189087,0.6724999727913411,DUPLICATE_EXCESS,0.25,False
002_20200623_203040(4),2,0,"[197.3061981201172,202.26182556152344,206.17359924316406,211.50689697265625]",0.5835394263267517,0.47459250660973806,LOCALIZATION_FALSE_POSITIVE,0.25,False
002_20200624_003136(5),2,1,"[142.9050750732422,143.65077209472656,152.6892852783203,153.63893127441406]",0.6343000531196594,0.465363090361158,LOCALIZATION_FALSE_POSITIVE,0.25,False
