stem,object_id,fold_id,gt_bbox_json,matched_prediction,prediction_confidence,prediction_bbox_json,iou,status,localization_status,error_type,report_confidence_threshold
001_20200623_043227(1),0,4,"[341.00000000000006,148.0,354.0,161.0]",True,0.6251234412193298,"[341.41387939453125,148.6859588623047,353.9252014160156,161.64663696289062]",0.8699796014295281,TP,IOU_GE_0.50,MATCHED,0.25
001_20200623_043227(1),1,4,"[342.0,179.99999999999997,356.0,194.0]",True,0.6348767280578613,"[342.45867919921875,181.33192443847656,355.7969055175781,194.76995849609375]",0.819167870284277,TP,IOU_GE_0.50,MATCHED,0.25
001_20200623_043227(1),2,4,"[346.00000000000006,229.00000000000003,358.0,237.99999999999997]",True,0.6134539246559143,"[346.62225341796875,226.63624572753906,358.2020263671875,239.9607391357422]",0.6404189641065747,TP,IOU_GE_0.50,MATCHED,0.25
001_20200623_043231(6),0,4,"[350.00000000000006,150.0,362.0,163.0]",True,0.6287542581558228,"[348.74066162109375,150.6840057373047,361.5634460449219,163.423095703125]",0.8049007739213642,TP,IOU_GE_0.50,MATCHED,0.25
001_20200623_043231(6),1,4,"[351.0,184.00000000000003,362.99999999999994,195.0]",True,0.6443319320678711,"[349.9579772949219,183.67843627929688,363.1547546386719,197.12493896484375]",0.7438694087491736,TP,IOU_GE_0.50,MATCHED,0.25
001_20200623_043231(6),2,4,"[351.0,228.99999999999997,365.0,240.0]",True,0.6046171188354492,"[353.68701171875,228.99295043945312,365.0824890136719,241.11585998535156]",0.7420411250295508,TP,IOU_GE_0.50,MATCHED,0.25
001_20200623_043236(1),0,4,"[348.0,142.0,360.99999999999994,153.0]",True,0.6054145097732544,"[347.60552978515625,142.5226593017578,359.5668029785156,154.99989318847656]",0.708484724062964,TP,IOU_GE_0.50,MATCHED,0.25
001_20200623_043236(1),1,4,"[348.0,175.0,360.99999999999994,187.0]",True,0.6188454031944275,"[347.94012451171875,175.83457946777344,360.7473449707031,189.3579864501953]",0.7616586534988318,TP,IOU_GE_0.50,MATCHED,0.25
001_20200623_043236(1),2,4,"[350.00000000000006,219.0,362.0,233.0]",True,0.6368283629417419,"[349.7149658203125,221.07611083984375,361.8944091796875,233.44117736816406]",0.8023194175168661,TP,IOU_GE_0.50,MATCHED,0.25
001_20200623_043240(6),0,4,"[346.00000000000006,150.0,358.0,164.0]",True,0.596489667892456,"[346.6285705566406,152.1986541748047,359.0797119140625,165.19338989257812]",0.6860807925409497,TP,IOU_GE_0.50,MATCHED,0.25
001_20200623_043240(6),1,4,"[351.0,232.0,362.00000000000006,242.0]",True,0.6331703662872314,"[350.5392761230469,230.70494079589844,363.0330505371094,242.6169891357422]",0.7391159559842169,TP,IOU_GE_0.50,MATCHED,0.25
001_20200623_043240(6),2,4,"[349.0,186.00000000000003,360.99999999999994,198.0]",True,0.6149841547012329,"[347.38861083984375,184.76141357421875,360.4014892578125,198.02911376953125]",0.7608047255218173,TP,IOU_GE_0.50,MATCHED,0.25
001_20200623_043245(2),0,4,"[350.0,155.99999999999997,361.0,168.0]",True,0.6335373520851135,"[349.1180419921875,155.29998779296875,362.25689697265625,168.72572326660156]",0.7483044467409152,TP,IOU_GE_0.50,MATCHED,0.25
001_20200623_043245(2),1,4,"[351.0,191.0,362.99999999999994,201.0]",True,0.6146135926246643,"[350.1623229980469,189.037353515625,363.0900573730469,202.023193359375]",0.7148069781850519,TP,IOU_GE_0.50,MATCHED,0.25
001_20200623_043245(2),2,4,"[355.0,236.0,364.0,249.00000000000003]",True,0.6131795644760132,"[354.24200439453125,234.7813720703125,365.7315979003906,247.4187774658203]",0.6446040291861531,TP,IOU_GE_0.50,MATCHED,0.25
001_20200623_043249(6),0,4,"[345.0,154.0,358.0,169.0]",True,0.6378278136253357,"[344.4422607421875,154.74188232421875,356.6282958984375,167.79995727539062]",0.7506471558249519,TP,IOU_GE_0.50,MATCHED,0.25
001_20200623_043249(6),1,4,"[346.0,191.00000000000003,357.00000000000006,203.0]",True,0.6153551340103149,"[345.5234069824219,188.46095275878906,357.8589782714844,201.4794158935547]",0.6501002806284648,TP,IOU_GE_0.50,MATCHED,0.25
001_20200623_043249(6),2,4,"[347.0,236.0,360.0,244.99999999999997]",True,0.6232151985168457,"[347.628173828125,233.60385131835938,359.4681396484375,246.7444305419922]",0.641831839090943,TP,IOU_GE_0.50,MATCHED,0.25
001_20200623_163159(5),0,4,"[364.0,157.00000000000003,379.0,169.0]",True,0.6469208002090454,"[364.5020446777344,154.64390563964844,377.7487487792969,168.2411651611328]",0.7050236581215771,TP,IOU_GE_0.50,MATCHED,0.25
001_20200623_163159(5),1,4,"[364.0,188.0,378.0,199.99999999999997]",True,0.607079803943634,"[364.6505432128906,187.42916870117188,377.5580749511719,200.05410766601562]",0.8797269875699197,TP,IOU_GE_0.50,MATCHED,0.25
001_20200623_163159(5),2,4,"[365.0,226.0,380.99999999999994,237.99999999999997]",True,0.5653166770935059,"[368.8341369628906,224.35621643066406,380.2716979980469,236.42843627929688]",0.5658224924382148,TP,IOU_GE_0.50,MATCHED,0.25
001_20200623_163209(3),0,4,"[365.0,158.0,377.0,169.0]",True,0.6421912908554077,"[364.2453308105469,155.93490600585938,377.2202453613281,168.8936767578125]",0.7716215114854025,TP,IOU_GE_0.50,MATCHED,0.25
001_20200623_163209(3),1,4,"[364.0,188.0,378.0,203.0]",True,0.6121074557304382,"[366.1893615722656,189.2593231201172,378.24652099609375,201.71018981933594]",0.6901633207506341,TP,IOU_GE_0.50,MATCHED,0.25
001_20200623_163209(3),2,4,"[369.0,226.0,384.00000000000006,239.99999999999997]",True,0.6169202923774719,"[370.60345458984375,224.70883178710938,382.48443603515625,236.6558074951172]",0.5618232758469327,TP,IOU_GE_0.50,MATCHED,0.25
001_20200623_163212(9),0,4,"[360.99999999999994,140.0,372.0,152.00000000000003]",True,0.5978522896766663,"[359.9169921875,137.54849243164062,373.04290771484375,151.68081665039062]",0.6797973651711828,TP,IOU_GE_0.50,MATCHED,0.25
001_20200623_163212(9),1,4,"[360.0,171.0,375.99999999999994,184.00000000000003]",True,0.6178007125854492,"[360.0880126953125,170.53895568847656,372.17474365234375,183.32659912109375]",0.6976004600287894,TP,IOU_GE_0.50,MATCHED,0.25
001_20200623_163212(9),2,4,"[362.99999999999994,208.0,374.0,218.99999999999997]",True,0.6274698376655579,"[363.5200500488281,207.1114501953125,375.3569641113281,219.16323852539062]",0.7769385555736996,TP,IOU_GE_0.50,MATCHED,0.25
001_20200623_163216(2),0,4,"[335.0,159.0,349.0,173.0]",True,0.6303676962852478,"[337.0410461425781,160.23223876953125,349.3655090332031,172.79856872558594]",0.7491790832913685,TP,IOU_GE_0.50,MATCHED,0.25
001_20200623_163216(2),1,4,"[339.0,192.0,354.0,207.0]",True,0.6240125298500061,"[340.9800720214844,192.63621520996094,353.1299743652344,205.08258056640625]",0.6720983271797498,TP,IOU_GE_0.50,MATCHED,0.25
001_20200623_163216(2),2,4,"[342.99999999999994,239.99999999999997,358.0,251.0]",True,0.6098852157592773,"[345.8446960449219,238.26332092285156,357.5955810546875,250.4902801513672]",0.6648601866256626,TP,IOU_GE_0.50,MATCHED,0.25
001_20200623_163219(5),0,4,"[342.99999999999994,194.0,357.0,208.0]",True,0.6252057552337646,"[344.1751708984375,195.9627685546875,356.54974365234375,208.52096557617188]",0.7357767591815826,TP,IOU_GE_0.50,MATCHED,0.25
001_20200623_163219(5),1,4,"[347.0,230.00000000000003,364.0,243.00000000000003]",True,0.6390137076377869,"[348.97711181640625,227.81155395507812,362.7645568847656,241.63674926757812]",0.6387668676026611,TP,IOU_GE_0.50,MATCHED,0.25
001_20200623_163219(5),2,4,"[358.0,273.0,371.0,285.0]",True,0.6395538449287415,"[357.48541259765625,272.6487731933594,370.17523193359375,284.7852478027344]",0.8616790433156855,TP,IOU_GE_0.50,MATCHED,0.25
001_20200623_163222(9),0,4,"[346.0,201.0,360.0,215.0]",True,0.5824955701828003,"[346.2108459472656,200.989013671875,359.3934631347656,214.45985412597656]",0.9046178053575469,TP,IOU_GE_0.50,MATCHED,0.25
001_20200623_163222(9),1,4,"[351.0,246.0,371.99999999999994,261.0]",False,0.0042654285207390785,"[352.373291015625,246.2825469970703,366.3653564453125,262.3955383300781]",0.6155792972084444,FN,NOT_MATCHED,LOW_CONFIDENCE,0.25
001_20200623_163222(9),2,4,"[340.0,167.0,357.0,181.0]",True,0.6255515813827515,"[341.4197692871094,168.14671325683594,354.0155944824219,181.5444793701172]",0.6611899247901444,TP,IOU_GE_0.50,MATCHED,0.25
001_20200624_123313(4),0,4,"[353.00000000000006,193.0,369.0,207.0]",True,0.5930444002151489,"[353.5545349121094,190.953369140625,365.66168212890625,204.13409423828125]",0.54185519406888,TP,IOU_GE_0.50,MATCHED,0.25
001_20200624_123313(4),1,4,"[355.0,220.00000000000003,369.0,235.00000000000003]",True,0.6290307641029358,"[356.9048767089844,221.89393615722656,370.2811584472656,234.87005615234375]",0.6925455760673119,TP,IOU_GE_0.50,MATCHED,0.25
001_20200624_123313(4),2,4,"[362.99999999999994,259.0,378.0,273.0]",True,0.6331380605697632,"[363.53411865234375,258.40106201171875,376.20733642578125,270.7908020019531]",0.6867368797177139,TP,IOU_GE_0.50,MATCHED,0.25
001_20200624_123317(8),0,4,"[355.0,152.0,369.0,165.00000000000003]",False,0.029295628890395164,"[354.99639892578125,146.3716278076172,369.7130432128906,162.34393310546875]",0.5319317888750195,FN,NOT_MATCHED,LOW_CONFIDENCE,0.25
001_20200624_123317(8),1,4,"[354.0,180.0,369.99999999999994,196.0]",True,0.6173909902572632,"[356.1308898925781,181.6842041015625,368.169921875,193.95164489746094]",0.5769066878292526,TP,IOU_GE_0.50,MATCHED,0.25
001_20200624_123317(8),2,4,"[357.0,216.0,371.0,231.0]",True,0.6281728744506836,"[357.75750732421875,217.0358123779297,370.1683349609375,228.7977752685547]",0.695122352881091,TP,IOU_GE_0.50,MATCHED,0.25
001_20200624_123322(3),0,4,"[358.0,144.0,372.0,158.0]",True,0.6313928365707397,"[357.470703125,143.10667419433594,370.6542663574219,155.96665954589844]",0.7072462573939989,TP,IOU_GE_0.50,MATCHED,0.25
001_20200624_123322(3),1,4,"[362.0,174.0,376.0,189.99999999999997]",True,0.6066126823425293,"[362.2025146484375,175.35939025878906,374.1759033203125,188.39627075195312]",0.6968555232742814,TP,IOU_GE_0.50,MATCHED,0.25
001_20200624_123322(3),2,4,"[365.0,211.0,383.0,227.0]",False,0.005284333135932684,"[367.03729248046875,211.96043395996094,379.9435119628906,226.33285522460938]",0.6440750810256254,FN,NOT_MATCHED,LOW_CONFIDENCE,0.25
001_20200624_123326(6),0,4,"[345.0,129.0,358.0,143.0]",True,0.5883270502090454,"[346.26251220703125,129.29161071777344,357.80035400390625,141.22732543945312]",0.7566614735789678,TP,IOU_GE_0.50,MATCHED,0.25
001_20200624_123326(6),1,4,"[349.0,162.0,362.0,177.0]",True,0.6419321894645691,"[349.3357238769531,162.51690673828125,361.74609375,175.43682861328125]",0.8222615856390733,TP,IOU_GE_0.50,MATCHED,0.25
001_20200624_123326(6),2,4,"[355.0,208.99999999999997,369.0,222.0]",True,0.5792558193206787,"[354.44183349609375,209.42550659179688,365.52264404296875,220.93423461914062]",0.6427121048602568,TP,IOU_GE_0.50,MATCHED,0.25
001_20200624_123331(2),0,4,"[348.0,123.99999999999999,360.99999999999994,138.99999999999997]",True,0.6365032196044922,"[349.3239440917969,124.79164123535156,362.1340637207031,138.07257080078125]",0.738207310154929,TP,IOU_GE_0.50,MATCHED,0.25
001_20200624_123331(2),1,4,"[350.0,159.0,364.0,170.99999999999997]",True,0.6071223020553589,"[352.4482727050781,158.461181640625,365.1968078613281,171.4939422607422]",0.7089563286714231,TP,IOU_GE_0.50,MATCHED,0.25
001_20200624_123331(2),2,4,"[356.0,203.0,369.0,220.00000000000003]",True,0.625786304473877,"[356.62322998046875,204.8508758544922,368.20184326171875,217.376220703125]",0.6562268064100268,TP,IOU_GE_0.50,MATCHED,0.25
001_20200624_123335(6),0,4,"[339.00000000000006,115.00000000000001,355.0,131.99999999999997]",True,0.6201031804084778,"[341.36212158203125,117.33189392089844,353.6341857910156,130.30125427246094]",0.5851500844993829,TP,IOU_GE_0.50,MATCHED,0.25
001_20200624_123335(6),1,4,"[339.00000000000006,151.0,355.0,165.0]",True,0.6200982928276062,"[341.3274841308594,151.04588317871094,354.4780578613281,164.1964111328125]",0.7720401225669803,TP,IOU_GE_0.50,MATCHED,0.25
001_20200624_123335(6),2,4,"[342.0,197.0,353.99999999999994,208.0]",True,0.6544744968414307,"[343.1533508300781,196.80284118652344,356.0423889160156,210.2146759033203]",0.64301551304099,TP,IOU_GE_0.50,MATCHED,0.25
001_20200624_203149(7),0,4,"[366.0,224.00000000000003,377.00000000000006,236.0]",True,0.6451310515403748,"[364.9817810058594,224.71295166015625,377.53350830078125,237.05355834960938]",0.7629270854442705,TP,IOU_GE_0.50,MATCHED,0.25
001_20200624_203149(7),1,4,"[368.0,254.00000000000003,378.0,269.0]",True,0.6202715039253235,"[367.3026428222656,256.1248779296875,379.4362487792969,269.3119812011719]",0.7103284631758872,TP,IOU_GE_0.50,MATCHED,0.25
001_20200624_203149(7),2,4,"[370.0,293.0,379.0,306.99999999999994]",True,0.6313657164573669,"[369.5636291503906,291.55303955078125,381.6259765625,304.7373962402344]",0.5888400556877122,TP,IOU_GE_0.50,MATCHED,0.25
001_20200624_203154(3),0,4,"[362.0,199.99999999999997,376.0,212.0]",True,0.625971257686615,"[361.2915954589844,200.41012573242188,374.0592346191406,213.7558135986328]",0.7036524231152871,TP,IOU_GE_0.50,MATCHED,0.25
001_20200624_203154(3),1,4,"[364.0,231.0,377.0,244.99999999999997]",True,0.6207684278488159,"[363.34698486328125,233.24435424804688,375.38665771484375,246.14356994628906]",0.6579548825482526,TP,IOU_GE_0.50,MATCHED,0.25
001_20200624_203154(3),2,4,"[368.00000000000006,268.0,380.0,285.0]",True,0.6106319427490234,"[367.72216796875,269.2161865234375,379.79901123046875,282.8410949707031]",0.7736848688062979,TP,IOU_GE_0.50,MATCHED,0.25
001_20200624_203203(1),0,4,"[357.0,192.0,371.0,205.0]",True,0.6229914426803589,"[360.2966613769531,191.2511444091797,371.5880126953125,203.952880859375]",0.6478282150702428,TP,IOU_GE_0.50,MATCHED,0.25
001_20200624_203203(1),1,4,"[360.0,224.00000000000003,371.99999999999994,236.0]",True,0.5893028378486633,"[360.3918151855469,224.90936279296875,371.9776611328125,237.15164184570312]",0.8166529326083988,TP,IOU_GE_0.50,MATCHED,0.25
001_20200624_203203(1),2,4,"[362.0,259.0,373.00000000000006,276.0]",True,0.4536449909210205,"[362.6088562011719,260.3370666503906,373.3223876953125,270.8955993652344]",0.5762235337793891,TP,IOU_GE_0.50,MATCHED,0.25
001_20200624_203207(8),0,4,"[356.0,209.0,370.0,220.0]",True,0.616745114326477,"[356.8591003417969,208.73773193359375,369.5931396484375,221.17799377441406]",0.8127779225663033,TP,IOU_GE_0.50,MATCHED,0.25
001_20200624_203207(8),1,4,"[364.00000000000006,239.00000000000003,376.0,252.99999999999997]",True,0.6333929896354675,"[363.0177001953125,239.76058959960938,375.7672424316406,253.2395477294922]",0.8464198300815678,TP,IOU_GE_0.50,MATCHED,0.25
001_20200624_203207(8),2,4,"[373.0,277.0,383.0,288.0]",True,0.6302205324172974,"[370.6694641113281,274.19403076171875,383.68157958984375,287.3903503417969]",0.584356121281774,TP,IOU_GE_0.50,MATCHED,0.25
001_20200624_203212(2),0,4,"[362.99999999999994,209.0,373.0,220.0]",True,0.5876711010932922,"[359.366943359375,208.77017211914062,371.50927734375,220.9243927001953]",0.5708188541860794,TP,IOU_GE_0.50,MATCHED,0.25
001_20200624_203212(2),1,4,"[366.0,239.99999999999997,377.00000000000006,251.0]",True,0.6259672045707703,"[364.2293395996094,239.84095764160156,377.0806579589844,253.1195831298828]",0.7090625788213171,TP,IOU_GE_0.50,MATCHED,0.25
001_20200624_203212(2),2,4,"[373.0,278.0,384.00000000000006,288.0]",True,0.6349079012870789,"[371.7143249511719,275.0981140136719,384.4991760253906,287.9720458984375]",0.6652110680980288,TP,IOU_GE_0.50,MATCHED,0.25
001_20200624_203225(8),0,4,"[363.0,177.00000000000003,376.0,188.0]",True,0.6009467840194702,"[361.9342956542969,174.12396240234375,373.8685302734375,186.6884765625]",0.5611533261566527,TP,IOU_GE_0.50,MATCHED,0.25
001_20200624_203225(8),1,4,"[361.0,208.99999999999997,374.0,217.0]",True,0.6178646087646484,"[363.0021057128906,206.28956604003906,374.6014709472656,218.69296264648438]",0.5502786262538324,TP,IOU_GE_0.50,MATCHED,0.25
001_20200624_203225(8),2,4,"[366.0,245.0,377.00000000000006,257.0]",True,0.646847665309906,"[364.3448486328125,242.21255493164062,376.54547119140625,254.7384490966797]",0.5638726664334927,TP,IOU_GE_0.50,MATCHED,0.25
001_20200625_043359(8),0,4,"[349.0,151.0,363.0,161.0]",True,0.6348084807395935,"[348.40203857421875,150.0301513671875,360.86053466796875,162.59010314941406]",0.6667988078742719,TP,IOU_GE_0.50,MATCHED,0.25
001_20200625_043359(8),1,4,"[349.0,186.0,362.0,196.99999999999997]",True,0.6395725607872009,"[348.5758972167969,184.78256225585938,362.13128662109375,198.46197509765625]",0.7711814646866758,TP,IOU_GE_0.50,MATCHED,0.25
001_20200625_043359(8),2,4,"[351.0,231.0,361.0,242.00000000000003]",True,0.6323679685592651,"[350.5924987792969,230.9153594970703,363.31622314453125,243.327880859375]",0.6964956748102145,TP,IOU_GE_0.50,MATCHED,0.25
001_20200728_083108(2),0,4,"[322.0,188.0,331.0,199.0]",True,0.42666029930114746,"[321.1300048828125,187.69482421875,332.52325439453125,198.77491760253906]",0.7560519769990346,TP,IOU_GE_0.50,MATCHED,0.25
001_20200728_083116(1),0,4,"[326.0,203.0,333.99999999999994,213.99999999999997]",True,0.5823530554771423,"[324.8368835449219,203.32281494140625,336.905029296875,216.15220642089844]",0.5426450637755132,TP,IOU_GE_0.50,MATCHED,0.25
001_20200810_123047(8),0,4,"[323.0,191.0,332.0,201.0]",True,0.6296349763870239,"[322.6594543457031,189.18238830566406,335.1594543457031,202.40318298339844]",0.5445966127986076,TP,IOU_GE_0.50,MATCHED,0.25
001_20200810_123051(3),0,4,"[326.0,226.0,337.00000000000006,236.0]",True,0.6377161145210266,"[326.88641357421875,225.42764282226562,339.4925537109375,238.84271240234375]",0.5682544091502817,TP,IOU_GE_0.50,MATCHED,0.25
001_20200811_003323(2),0,4,"[323.00000000000006,208.99999999999997,335.0,221.0]",True,0.5266209244728088,"[321.9291076660156,210.46217346191406,333.364501953125,221.69140625]",0.6692713992729572,TP,IOU_GE_0.50,MATCHED,0.25
001_20200811_003327(0),0,4,"[322.0,194.00000000000003,331.0,205.0]",True,0.64346843957901,"[321.20001220703125,192.3174285888672,333.5606689453125,204.71275329589844]",0.6188385312226746,TP,IOU_GE_0.50,MATCHED,0.25
001_20200814_043321(6),0,4,"[323.00000000000006,187.0,336.0,201.0]",True,0.5929953455924988,"[325.73870849609375,187.0897216796875,336.6753234863281,198.3135223388672]",0.6075054062199746,TP,IOU_GE_0.50,MATCHED,0.25
001_20200814_083045(8),0,4,"[324.0,165.0,337.0,178.0]",True,0.5842927098274231,"[324.8462829589844,165.1954803466797,336.1268005371094,176.85614013671875]",0.7783330043436155,TP,IOU_GE_0.50,MATCHED,0.25
001_20200814_083051(9),0,4,"[317.0,148.00000000000003,330.0,159.0]",True,0.6003171801567078,"[319.1446533203125,146.7276611328125,330.5120849609375,159.33062744140625]",0.7156461565399116,TP,IOU_GE_0.50,MATCHED,0.25
001_20200815_003438(6),0,4,"[315.0,154.0,326.00000000000006,165.0]",True,0.5850715041160583,"[314.0224304199219,153.07447814941406,325.8811340332031,165.0772705078125]",0.8332514561455948,TP,IOU_GE_0.50,MATCHED,0.25
001_20200818_203601(4),0,4,"[327.0,180.0,336.0,190.0]",True,0.6363396644592285,"[327.5592346191406,177.32122802734375,340.0948486328125,190.27366638183594]",0.502548815773992,TP,IOU_GE_0.50,MATCHED,0.25
001_20200818_203607(4),0,4,"[322.0,182.0,335.0,192.0]",True,0.5662347674369812,"[323.0782470703125,180.5355224609375,334.8795471191406,192.0089874267578]",0.8006917672734465,TP,IOU_GE_0.50,MATCHED,0.25
001_20200819_083353(5),0,4,"[314.0,170.0,324.0,184.0]",True,0.6480005383491516,"[314.0030822753906,170.27333068847656,326.62664794921875,183.0583953857422]",0.7363167842589479,TP,IOU_GE_0.50,MATCHED,0.25
001_20200819_083401(0),0,4,"[306.0,138.00000000000003,319.0,150.0]",True,0.6017935276031494,"[307.418212890625,136.70631408691406,320.1553955078125,149.34365844726562]",0.7079252876361483,TP,IOU_GE_0.50,MATCHED,0.25
001_20200826_023328(3),0,4,"[315.99999999999994,201.0,326.0,211.0]",True,0.5918416380882263,"[317.61700439453125,201.53640747070312,328.60174560546875,212.7638397216797]",0.5509361561572999,TP,IOU_GE_0.50,MATCHED,0.25
001_20200826_023332(5),0,4,"[317.0,173.0,328.99999999999994,184.0]",True,0.6207011342048645,"[315.9012145996094,171.6191864013672,328.0519714355469,183.79730224609375]",0.7428417765026758,TP,IOU_GE_0.50,MATCHED,0.25
001_20200831_123316(5),0,4,"[470.99999999999994,108.0,482.0,120.0]",True,0.630262553691864,"[470.78167724609375,104.90512084960938,484.2070617675781,118.63935089111328]",0.5870591509732916,TP,IOU_GE_0.50,MATCHED,0.25
002_20200622_203136(3),0,4,"[162.0,141.0,178.0,155.0]",False,0.003522330429404974,"[163.02777099609375,141.0093231201172,173.7868194580078,152.6407012939453]",0.5586721493351173,FN,NOT_MATCHED,LOW_CONFIDENCE,0.25
002_20200622_203136(3),1,4,"[164.0,162.0,177.0,176.0]",True,0.6349624991416931,"[165.1260528564453,162.96795654296875,175.12155151367188,173.30667114257812]",0.5678055379002427,TP,IOU_GE_0.50,MATCHED,0.25
002_20200622_203136(3),2,4,"[165.0,189.0,178.0,202.0]",True,0.6375757455825806,"[167.01853942871094,189.1185760498047,176.9971923828125,199.1693878173828]",0.5934530327553976,TP,IOU_GE_0.50,MATCHED,0.25
002_20200622_203140(8),0,4,"[157.0,143.99999999999997,170.0,157.0]",True,0.6253393888473511,"[157.9179229736328,144.05615234375,168.4329833984375,155.01190185546875]",0.6816589829274963,TP,IOU_GE_0.50,MATCHED,0.25
002_20200622_203140(8),1,4,"[158.0,166.0,172.0,179.0]",True,0.638850212097168,"[159.5630340576172,166.75926208496094,169.5670166015625,177.28768920898438]",0.5787153910106089,TP,IOU_GE_0.50,MATCHED,0.25
002_20200622_203140(8),2,4,"[160.0,190.0,174.00000000000003,204.00000000000003]",True,0.6328874826431274,"[162.38052368164062,192.94676208496094,172.57330322265625,203.1407470703125]",0.5301277632658747,TP,IOU_GE_0.50,MATCHED,0.25
002_20200622_203145(3),0,4,"[156.0,147.0,166.99999999999997,156.0]",True,0.6455734968185425,"[156.26251220703125,144.7274169921875,166.5743865966797,155.68557739257812]",0.7315300577714096,TP,IOU_GE_0.50,MATCHED,0.25
002_20200622_203145(3),1,4,"[157.99999999999997,168.00000000000003,166.99999999999997,178.0]",True,0.6174326539039612,"[157.7521209716797,167.93727111816406,167.8251953125,177.88458251953125]",0.8787270672565046,TP,IOU_GE_0.50,MATCHED,0.25
002_20200622_203145(3),2,4,"[160.0,194.00000000000003,171.0,204.0]",True,0.631281852722168,"[160.56387329101562,193.4374542236328,170.3244171142578,203.58689880371094]",0.8102237080694887,TP,IOU_GE_0.50,MATCHED,0.25
002_20200622_203149(8),0,4,"[156.0,144.0,166.99999999999997,153.0]",True,0.6325847506523132,"[154.41152954101562,142.87823486328125,165.23890686035156,153.70233154296875]",0.6249710704361069,TP,IOU_GE_0.50,MATCHED,0.25
002_20200622_203149(8),1,4,"[159.0,192.00000000000003,169.0,201.0]",True,0.6365399956703186,"[159.0546875,192.19061279296875,168.8818817138672,202.18629455566406]",0.8515965701560404,TP,IOU_GE_0.50,MATCHED,0.25
002_20200622_203149(8),2,4,"[155.00000000000003,166.99999999999997,167.0,175.0]",True,0.6102742552757263,"[156.3633575439453,165.66317749023438,166.52505493164062,176.43832397460938]",0.6545366263468961,TP,IOU_GE_0.50,MATCHED,0.25
002_20200622_203154(3),0,4,"[155.00000000000003,146.0,165.0,156.0]",True,0.636657178401947,"[156.14987182617188,144.65457153320312,166.1759796142578,155.28469848632812]",0.6604941309511475,TP,IOU_GE_0.50,MATCHED,0.25
002_20200622_203154(3),1,4,"[157.99999999999997,168.0,166.99999999999997,178.99999999999997]",True,0.630974531173706,"[156.99288940429688,167.20889282226562,167.54824829101562,177.67039489746094]",0.7111086743394317,TP,IOU_GE_0.50,MATCHED,0.25
002_20200622_203154(3),2,4,"[159.0,193.0,169.0,202.99999999999997]",True,0.6278892755508423,"[159.8664093017578,193.18161010742188,169.54534912109375,203.23233032226562]",0.8334063176169633,TP,IOU_GE_0.50,MATCHED,0.25
002_20200622_203158(8),0,4,"[162.00000000000003,143.99999999999997,173.0,154.0]",True,0.6274220943450928,"[162.38491821289062,144.1388397216797,172.65406799316406,154.94627380371094]",0.8458729366708124,TP,IOU_GE_0.50,MATCHED,0.25
002_20200622_203158(8),1,4,"[164.0,166.0,173.99999999999997,177.0]",True,0.6407177448272705,"[163.91595458984375,166.7305450439453,173.91555786132812,177.24301147460938]",0.8987957593399294,TP,IOU_GE_0.50,MATCHED,0.25
002_20200622_203158(8),2,4,"[166.0,194.00000000000003,178.0,204.0]",True,0.6293994188308716,"[166.41256713867188,192.9545440673828,176.72125244140625,203.2120819091797]",0.7261540853188186,TP,IOU_GE_0.50,MATCHED,0.25
002_20200623_003351(2),0,4,"[151.0,146.0,162.0,157.0]",True,0.6257376670837402,"[151.05577087402344,145.93252563476562,161.2998809814453,156.61351013183594]",0.893457810996727,TP,IOU_GE_0.50,MATCHED,0.25
002_20200623_003351(2),1,4,"[153.0,169.0,164.0,180.0]",True,0.59147047996521,"[152.81581115722656,169.22373962402344,162.80523681640625,179.50830078125]",0.8205633339859973,TP,IOU_GE_0.50,MATCHED,0.25
002_20200623_003351(2),2,4,"[154.99999999999997,202.99999999999997,169.0,211.0]",True,0.6334961652755737,"[156.2331085205078,201.3689422607422,166.36477661132812,211.82272338867188]",0.5922315805443586,TP,IOU_GE_0.50,MATCHED,0.25
002_20200623_003355(7),0,4,"[143.0,146.99999999999997,155.0,160.0]",True,0.6166517734527588,"[144.12037658691406,147.33241271972656,155.114501953125,157.81591796875]",0.7255490593164581,TP,IOU_GE_0.50,MATCHED,0.25
002_20200623_003355(7),1,4,"[146.0,171.00000000000003,157.0,181.0]",True,0.6198481917381287,"[146.25137329101562,171.32083129882812,156.5448760986328,181.87168884277344]",0.8374402176238064,TP,IOU_GE_0.50,MATCHED,0.25
002_20200623_003355(7),2,4,"[149.0,202.99999999999997,160.0,214.99999999999997]",True,0.6266118288040161,"[150.1691436767578,203.0455322265625,160.1743927001953,213.4718475341797]",0.7659612193310509,TP,IOU_GE_0.50,MATCHED,0.25
002_20200623_003400(2),0,4,"[151.0,148.0,162.0,158.0]",True,0.6168326139450073,"[150.66656494140625,146.9187469482422,161.34251403808594,157.66001892089844]",0.8007804156578867,TP,IOU_GE_0.50,MATCHED,0.25
002_20200623_003400(2),1,4,"[153.0,173.0,164.0,183.0]",True,0.608871579170227,"[152.59307861328125,171.03451538085938,162.51455688476562,181.30154418945312]",0.5944186729118878,TP,IOU_GE_0.50,MATCHED,0.25
002_20200623_003400(2),2,4,"[155.00000000000003,202.0,166.0,213.0]",True,0.6206813454627991,"[155.95822143554688,202.58865356445312,165.7969207763672,213.15281677246094]",0.8361727789695944,TP,IOU_GE_0.50,MATCHED,0.25
002_20200623_003404(7),0,4,"[147.0,145.0,158.0,156.0]",True,0.6300342679023743,"[147.02598571777344,145.3567657470703,157.42169189453125,156.31333923339844]",0.8904415475772758,TP,IOU_GE_0.50,MATCHED,0.25
002_20200623_003404(7),1,4,"[147.0,170.0,159.0,180.0]",True,0.6097320318222046,"[148.22996520996094,169.16339111328125,158.04344177246094,179.41622924804688]",0.7207387487460917,TP,IOU_GE_0.50,MATCHED,0.25
002_20200623_003404(7),2,4,"[151.0,203.00000000000003,162.0,211.99999999999997]",True,0.6340765357017517,"[151.65020751953125,201.45614624023438,161.5336151123047,211.69366455078125]",0.7520053490946572,TP,IOU_GE_0.50,MATCHED,0.25
002_20200623_003409(2),0,4,"[148.00000000000003,146.0,158.0,156.0]",True,0.6128419637680054,"[147.44322204589844,144.8511505126953,157.93234252929688,155.9098663330078]",0.8372020755472096,TP,IOU_GE_0.50,MATCHED,0.25
002_20200623_003409(2),1,4,"[150.0,171.0,158.0,179.0]",True,0.6090373992919922,"[148.52899169921875,168.7220916748047,158.22801208496094,178.77427673339844]",0.6263129642955688,TP,IOU_GE_0.50,MATCHED,0.25
002_20200623_003409(2),2,4,"[151.0,202.0,160.0,211.99999999999997]",True,0.6357389092445374,"[151.73390197753906,201.20050048828125,161.53114318847656,211.38014221191406]",0.6910915437198545,TP,IOU_GE_0.50,MATCHED,0.25
002_20200623_003413(7),0,4,"[154.0,146.0,164.0,155.0]",True,0.6422392725944519,"[153.427978515625,145.39537048339844,164.3005828857422,156.48570251464844]",0.7463875309433553,TP,IOU_GE_0.50,MATCHED,0.25
002_20200623_003413(7),1,4,"[155.00000000000003,170.0,166.0,180.0]",True,0.6167212724685669,"[155.21678161621094,169.28359985351562,164.9742431640625,179.54896545410156]",0.7964224858332037,TP,IOU_GE_0.50,MATCHED,0.25
002_20200623_003413(7),2,4,"[158.0,201.00000000000003,169.0,211.0]",True,0.6354531645774841,"[158.0237274169922,201.4257049560547,168.4330291748047,211.6287078857422]",0.8551394798348971,TP,IOU_GE_0.50,MATCHED,0.25
002_20200623_043039(3),0,4,"[188.0,148.0,195.99999999999997,157.0]",True,0.6320362091064453,"[187.10484313964844,147.19686889648438,196.41348266601562,156.9993896484375]",0.7889615179633129,TP,IOU_GE_0.50,MATCHED,0.25
002_20200623_043039(3),1,4,"[192.0,171.00000000000003,203.0,180.0]",True,0.6162340044975281,"[192.43064880371094,170.26861572265625,201.2714080810547,179.62277221679688]",0.7228098061198825,TP,IOU_GE_0.50,MATCHED,0.25
002_20200623_043039(3),2,4,"[202.0,201.0,208.0,208.0]",True,0.626610279083252,"[200.77713012695312,200.97743225097656,209.51268005371094,209.96917724609375]",0.53470600115525,TP,IOU_GE_0.50,MATCHED,0.25
002_20200623_043043(2),0,4,"[202.0,127.0,210.0,134.0]",True,0.6175522804260254,"[201.25042724609375,126.4288558959961,210.20188903808594,136.0592498779297]",0.6496059739422659,TP,IOU_GE_0.50,MATCHED,0.25
002_20200623_043043(2),1,4,"[205.0,149.99999999999997,211.99999999999997,160.0]",True,0.6176662445068359,"[203.1421356201172,150.57125854492188,212.7335662841797,160.10482788085938]",0.6915509176714251,TP,IOU_GE_0.50,MATCHED,0.25
002_20200623_043043(2),2,4,"[207.00000000000003,181.99999999999997,215.0,190.0]",True,0.6340119242668152,"[206.7928466796875,182.22714233398438,216.32823181152344,192.10653686523438]",0.6475966767595103,TP,IOU_GE_0.50,MATCHED,0.25
002_20200623_043047(2),0,4,"[194.0,133.0,203.00000000000003,141.0]",True,0.6581027507781982,"[194.3524932861328,132.22219848632812,203.85838317871094,141.94192504882812]",0.726569833322133,TP,IOU_GE_0.50,MATCHED,0.25
002_20200623_043047(2),1,4,"[196.00000000000003,156.0,203.0,164.0]",True,0.6313217282295227,"[195.86207580566406,156.17201232910156,204.63189697265625,165.24398803710938]",0.6784721338212023,TP,IOU_GE_0.50,MATCHED,0.25
002_20200623_043047(2),2,4,"[200.00000000000003,187.99999999999997,206.99999999999997,196.0]",True,0.62024986743927,"[198.8880157470703,188.1795654296875,208.0672149658203,197.73387145996094]",0.6153818952071349,TP,IOU_GE_0.50,MATCHED,0.25
002_20200623_043051(3),0,4,"[194.0,140.0,200.00000000000003,149.0]",True,0.6371827125549316,"[192.30604553222656,140.26608276367188,201.46560668945312,150.04690551757812]",0.5746972346261104,TP,IOU_GE_0.50,MATCHED,0.25
002_20200623_043051(3),1,4,"[194.0,163.0,203.00000000000003,174.0]",True,0.619665265083313,"[193.9463348388672,164.38352966308594,203.3776397705078,173.96563720703125]",0.8361933287329077,TP,IOU_GE_0.50,MATCHED,0.25
002_20200623_043051(3),2,4,"[196.00000000000003,195.0,204.0,205.99999999999997]",True,0.6283944845199585,"[196.35789489746094,196.6946563720703,205.08189392089844,205.86875915527344]",0.7159475822714636,TP,IOU_GE_0.50,MATCHED,0.25
002_20200623_043055(3),0,4,"[198.0,149.0,206.0,159.0]",True,0.6336183547973633,"[199.12840270996094,149.80377197265625,208.1208953857422,159.1563262939453]",0.626229067374498,TP,IOU_GE_0.50,MATCHED,0.25
002_20200623_043055(3),1,4,"[199.00000000000003,174.00000000000003,209.0,183.0]",True,0.6311477422714233,"[199.4078369140625,173.58824157714844,208.48008728027344,183.0621795654297]",0.865859245296335,TP,IOU_GE_0.50,MATCHED,0.25
002_20200623_043055(3),2,4,"[201.0,205.0,207.99999999999997,214.99999999999997]",True,0.6421722173690796,"[200.1219940185547,206.1829376220703,209.0306854248047,215.5101776123047]",0.6754590145773164,TP,IOU_GE_0.50,MATCHED,0.25
002_20200623_043059(4),0,4,"[193.0,164.0,203.0,176.0]",True,0.623349130153656,"[192.69451904296875,166.5530242919922,201.79248046875,176.35171508789062]",0.6587766011368962,TP,IOU_GE_0.50,MATCHED,0.25
002_20200623_043059(4),1,4,"[196.00000000000003,190.0,204.0,199.99999999999997]",True,0.6434540152549744,"[195.9661407470703,190.47486877441406,205.03717041015625,199.77880859375]",0.827340495981064,TP,IOU_GE_0.50,MATCHED,0.25
002_20200623_043059(4),2,4,"[199.99999999999997,223.0,209.0,231.99999999999997]",True,0.6451692581176758,"[200.64341735839844,221.99864196777344,209.728759765625,231.52525329589844]",0.7397111685664782,TP,IOU_GE_0.50,MATCHED,0.25
002_20200624_003107(0),0,4,"[195.00000000000003,158.0,202.0,166.99999999999997]",True,0.6296436190605164,"[194.55145263671875,158.05482482910156,203.86212158203125,167.75653076171875]",0.690266284368694,TP,IOU_GE_0.50,MATCHED,0.25
002_20200624_003107(0),1,4,"[195.99999999999997,182.00000000000003,202.0,190.99999999999997]",True,0.6318458914756775,"[195.10411071777344,182.06028747558594,204.13638305664062,191.34950256347656]",0.6365469437198965,TP,IOU_GE_0.50,MATCHED,0.25
002_20200624_003107(0),2,4,"[196.00000000000003,213.00000000000003,204.0,222.0]",True,0.6333935856819153,"[196.02313232421875,214.2232666015625,204.88490295410156,223.60455322265625]",0.6663095121517192,TP,IOU_GE_0.50,MATCHED,0.25
002_20200624_003111(0),0,4,"[200.00000000000003,132.0,210.0,141.0]",True,0.6464543342590332,"[200.71258544921875,131.94337463378906,209.81837463378906,141.5294952392578]",0.8596035612696581,TP,IOU_GE_0.50,MATCHED,0.25
002_20200624_003111(0),1,4,"[202.00000000000003,156.0,209.0,166.0]",True,0.6400555968284607,"[200.42327880859375,155.8248291015625,209.41065979003906,165.13925170898438]",0.7129099884259185,TP,IOU_GE_0.50,MATCHED,0.25
002_20200624_003111(0),2,4,"[201.0,189.00000000000003,210.00000000000003,198.0]",True,0.6311838626861572,"[200.8536376953125,188.0699920654297,209.74339294433594,197.4285125732422]",0.8142856712273667,TP,IOU_GE_0.50,MATCHED,0.25
002_20200624_003115(1),0,4,"[194.0,108.99999999999999,203.00000000000003,118.0]",True,0.6065635681152344,"[194.37196350097656,109.03211975097656,203.27273559570312,118.25934600830078]",0.9022900584251496,TP,IOU_GE_0.50,MATCHED,0.25
002_20200624_003115(1),1,4,"[197.0,132.0,205.0,142.00000000000003]",True,0.6367560029029846,"[196.5714874267578,132.43211364746094,205.50025939941406,141.7692108154297]",0.8423938624515181,TP,IOU_GE_0.50,MATCHED,0.25
002_20200624_003115(1),2,4,"[200.00000000000003,164.0,206.99999999999997,172.99999999999997]",True,0.6438813805580139,"[200.19277954101562,164.68800354003906,209.23690795898438,174.1201171875]",0.6168702340520978,TP,IOU_GE_0.50,MATCHED,0.25
002_20200624_003119(1),0,4,"[203.00000000000003,122.0,213.0,131.0]",True,0.6406955718994141,"[203.4010009765625,120.95890045166016,212.8643035888672,130.735595703125]",0.8278991595475078,TP,IOU_GE_0.50,MATCHED,0.25
002_20200624_003119(1),1,4,"[203.00000000000003,145.0,210.0,153.0]",True,0.6352003216743469,"[201.05844116210938,144.30224609375,210.08872985839844,154.0662841796875]",0.6351216649148198,TP,IOU_GE_0.50,MATCHED,0.25
002_20200624_003119(1),2,4,"[200.00000000000003,178.0,208.0,185.00000000000003]",True,0.6568659543991089,"[199.9907684326172,176.9404754638672,208.88633728027344,186.02333068847656]",0.6930936339699165,TP,IOU_GE_0.50,MATCHED,0.25
002_20200624_003123(1),0,4,"[196.00000000000003,120.0,203.0,127.99999999999999]",True,0.6378198266029358,"[194.61070251464844,119.89118957519531,204.13465881347656,129.4811553955078]",0.6131314222252795,TP,IOU_GE_0.50,MATCHED,0.25
002_20200624_003123(1),1,4,"[193.0,146.0,204.0,153.0]",True,0.6107341647148132,"[193.4000701904297,143.3975372314453,202.56878662109375,153.1750030517578]",0.6263652575345313,TP,IOU_GE_0.50,MATCHED,0.25
002_20200624_003123(1),2,4,"[192.99999999999997,176.0,202.0,184.99999999999997]",True,0.6342595219612122,"[193.1186981201172,175.9413604736328,202.06100463867188,185.44456481933594]",0.9289109339258949,TP,IOU_GE_0.50,MATCHED,0.25
002_20200624_003127(0),0,4,"[203.0,120.0,210.99999999999997,131.0]",True,0.64613276720047,"[202.3406219482422,120.08109283447266,212.1678466796875,129.9176483154297]",0.742566504708716,TP,IOU_GE_0.50,MATCHED,0.25
002_20200624_003127(0),1,4,"[203.00000000000003,143.0,213.0,155.0]",True,0.6063798666000366,"[202.65855407714844,144.15679931640625,212.10617065429688,153.95655822753906]",0.7234787795994063,TP,IOU_GE_0.50,MATCHED,0.25
002_20200624_003127(0),2,4,"[203.99999999999997,177.0,213.0,185.00000000000003]",True,0.6410222053527832,"[204.17532348632812,176.24969482421875,213.12933349609375,185.50563049316406]",0.8376499397784335,TP,IOU_GE_0.50,MATCHED,0.25
002_20200624_083032(4),0,4,"[155.00000000000003,140.0,165.0,153.0]",True,0.6338313221931458,"[154.4668426513672,140.53890991210938,164.83139038085938,151.45555114746094]",0.7902042000528539,TP,IOU_GE_0.50,MATCHED,0.25
002_20200624_083032(4),1,4,"[157.0,162.0,166.99999999999997,176.0]",True,0.6370586156845093,"[156.73484802246094,163.92767333984375,166.21128845214844,173.686279296875]",0.6304151888829653,TP,IOU_GE_0.50,MATCHED,0.25
002_20200624_083032(4),2,4,"[159.0,189.00000000000003,170.0,199.0]",True,0.631924033164978,"[160.23226928710938,189.02732849121094,169.85865783691406,199.06448364257812]",0.8678373226608814,TP,IOU_GE_0.50,MATCHED,0.25
002_20200624_083036(9),0,4,"[158.0,148.0,169.0,159.0]",True,0.6646912097930908,"[155.99652099609375,146.96920776367188,168.49728393554688,159.25477600097656]",0.725730349031196,TP,IOU_GE_0.50,MATCHED,0.25
002_20200624_083036(9),1,4,"[157.0,171.00000000000003,170.0,180.0]",True,0.6142554879188538,"[158.31153869628906,170.36129760742188,168.8572235107422,181.21360778808594]",0.6951473420822276,TP,IOU_GE_0.50,MATCHED,0.25
002_20200624_083036(9),2,4,"[161.00000000000003,197.00000000000003,172.0,208.0]",True,0.61213219165802,"[161.74913024902344,196.78860473632812,172.2669219970703,207.07220458984375]",0.8200087029906238,TP,IOU_GE_0.50,MATCHED,0.25
002_20200624_083041(3),0,4,"[159.0,148.0,167.99999999999997,158.0]",True,0.7264184355735779,"[156.91604614257812,146.88108825683594,169.5581817626953,159.37652587890625]",0.5697319745364035,TP,IOU_GE_0.50,MATCHED,0.25
002_20200624_083041(3),1,4,"[159.0,171.0,171.0,179.0]",True,0.6171916127204895,"[158.7543487548828,170.27474975585938,169.10015869140625,180.99024963378906]",0.6409784760275272,TP,IOU_GE_0.50,MATCHED,0.25
002_20200624_083041(3),2,4,"[161.00000000000003,196.0,172.0,205.99999999999997]",True,0.6239557266235352,"[161.6251983642578,196.7979278564453,172.1577606201172,207.1428985595703]",0.7731003031798981,TP,IOU_GE_0.50,MATCHED,0.25
002_20200624_083045(8),0,4,"[150.0,131.0,160.0,142.0]",True,0.6481741666793823,"[149.96287536621094,129.86036682128906,161.7515869140625,141.8956756591797]",0.7623403730973857,TP,IOU_GE_0.50,MATCHED,0.25
002_20200624_083045(8),1,4,"[155.0,155.0,164.0,166.99999999999997]",True,0.5997779369354248,"[153.2859649658203,155.3109130859375,163.87847900390625,165.6597900390625]",0.7307420191069227,TP,IOU_GE_0.50,MATCHED,0.25
002_20200624_083045(8),2,4,"[158.0,184.99999999999997,167.99999999999997,198.0]",True,0.6499007344245911,"[157.91946411132812,187.05238342285156,168.52452087402344,197.8225860595703]",0.7889299838749029,TP,IOU_GE_0.50,MATCHED,0.25
002_20200624_083050(4),0,4,"[150.0,146.0,160.0,156.0]",True,0.6401429772377014,"[148.18008422851562,145.3871307373047,159.50535583496094,156.9659881591797]",0.698511579779365,TP,IOU_GE_0.50,MATCHED,0.25
002_20200624_083050(4),1,4,"[151.0,170.0,160.0,180.0]",True,0.6177196502685547,"[150.40269470214844,169.81080627441406,160.50328063964844,180.38255310058594]",0.8428478578434899,TP,IOU_GE_0.50,MATCHED,0.25
002_20200624_083050(4),2,4,"[153.0,202.0,164.0,213.0]",True,0.6436349153518677,"[153.3784942626953,202.4735107421875,163.7867431640625,213.29339599609375]",0.8831843484118873,TP,IOU_GE_0.50,MATCHED,0.25
002_20200624_083054(9),0,4,"[147.0,135.0,160.0,146.0]",True,0.6009026169776917,"[148.30393981933594,135.91827392578125,159.21865844726562,146.610595703125]",0.7352392709816018,TP,IOU_GE_0.50,MATCHED,0.25
002_20200624_083054(9),1,4,"[150.0,160.0,158.0,169.0]",True,0.6222186088562012,"[148.47860717773438,160.0080108642578,158.3697509765625,170.2210235595703]",0.7116557132291712,TP,IOU_GE_0.50,MATCHED,0.25
002_20200624_083054(9),2,4,"[150.0,193.0,160.0,202.99999999999997]",True,0.6453552842140198,"[150.46182250976562,192.97117614746094,160.49667358398438,203.13296508789062]",0.894845096873567,TP,IOU_GE_0.50,MATCHED,0.25
002_20200624_203017(4),0,4,"[194.0,127.99999999999999,206.99999999999997,141.0]",False,0.6529484391212463,"[195.6251983642578,127.20529174804688,205.0623016357422,137.21946716308594]",0.49294725210940027,FN,NOT_MATCHED,LOCALIZATION_FAILURE,0.25
002_20200624_203017(4),1,4,"[195.99999999999997,153.0,205.0,161.0]",True,0.6286243200302124,"[196.2532196044922,152.04833984375,205.18380737304688,161.37432861328125]",0.8202126579891792,TP,IOU_GE_0.50,MATCHED,0.25
002_20200624_203017(4),2,4,"[197.0,185.00000000000003,208.0,193.99999999999997]",True,0.6247416734695435,"[198.47366333007812,184.2007293701172,208.0246124267578,194.06600952148438]",0.7976594407400383,TP,IOU_GE_0.50,MATCHED,0.25
002_20200625_042934(9),0,4,"[183.0,148.0,192.99999999999997,158.0]",True,0.6368093490600586,"[183.43711853027344,148.98837280273438,192.7754364013672,158.8982391357422]",0.776408885201041,TP,IOU_GE_0.50,MATCHED,0.25
002_20200625_042934(9),1,4,"[189.00000000000003,172.0,199.0,181.99999999999997]",True,0.6563898921012878,"[189.60987854003906,172.26890563964844,199.49853515625,182.0941162109375]",0.8638159527282291,TP,IOU_GE_0.50,MATCHED,0.25
002_20200625_042934(9),2,4,"[197.0,202.0,208.0,211.99999999999997]",True,0.6606463193893433,"[198.71974182128906,202.7184295654297,208.07830810546875,212.27142333984375]",0.7604633632660044,TP,IOU_GE_0.50,MATCHED,0.25
002_20200625_042939(2),0,4,"[193.0,133.0,203.0,143.0]",True,0.6364939212799072,"[194.01190185546875,133.25851440429688,203.39097595214844,142.67384338378906]",0.8162128495066114,TP,IOU_GE_0.50,MATCHED,0.25
002_20200625_042939(2),1,4,"[195.0,159.0,204.0,169.0]",True,0.6333646178245544,"[195.8218231201172,157.6611785888672,204.67083740234375,167.02984619140625]",0.6123945787941815,TP,IOU_GE_0.50,MATCHED,0.25
002_20200625_042939(2),2,4,"[199.0,189.0,208.0,199.99999999999997]",True,0.6394029855728149,"[199.148681640625,190.35072326660156,208.3367462158203,199.65936279296875]",0.8067167473369387,TP,IOU_GE_0.50,MATCHED,0.25
002_20200625_042943(7),0,4,"[199.00000000000003,119.0,209.0,130.0]",True,0.6438961029052734,"[199.89198303222656,120.32984924316406,209.32943725585938,130.34547424316406]",0.7563661915449299,TP,IOU_GE_0.50,MATCHED,0.25
002_20200625_042943(7),1,4,"[203.00000000000003,146.0,213.0,154.0]",True,0.6133643984794617,"[202.8580780029297,144.1271209716797,212.5922088623047,154.1849365234375]",0.7585290603478475,TP,IOU_GE_0.50,MATCHED,0.25
002_20200625_042943(7),2,4,"[207.00000000000003,177.00000000000003,217.0,186.0]",True,0.6379380822181702,"[208.3316650390625,176.54104614257812,217.46212768554688,185.88966369628906]",0.783923334966727,TP,IOU_GE_0.50,MATCHED,0.25
002_20200625_042948(3),0,4,"[192.0,126.0,199.99999999999997,134.0]",True,0.6412470936775208,"[191.2008056640625,124.84968566894531,200.5480499267578,134.76048278808594]",0.6908564175421312,TP,IOU_GE_0.50,MATCHED,0.25
002_20200625_042948(3),1,4,"[192.99999999999997,148.0,205.0,157.0]",True,0.6195629835128784,"[194.98175048828125,148.5650634765625,204.33067321777344,158.54425048828125]",0.6440660848688855,TP,IOU_GE_0.50,MATCHED,0.25
002_20200625_042948(3),2,4,"[199.0,181.0,210.0,190.99999999999997]",True,0.659191370010376,"[200.7401123046875,180.8927001953125,209.64434814453125,190.14407348632812]",0.7338171026617555,TP,IOU_GE_0.50,MATCHED,0.25
002_20200625_042952(8),0,4,"[203.99999999999997,126.0,213.0,135.0]",True,0.6511460542678833,"[203.62823486328125,125.605712890625,213.3678741455078,135.81985473632812]",0.8142171796275405,TP,IOU_GE_0.50,MATCHED,0.25
002_20200625_042952(8),1,4,"[202.0,150.0,210.0,159.0]",True,0.6588245034217834,"[200.89599609375,149.75714111328125,210.4520721435547,159.652099609375]",0.7614456714162896,TP,IOU_GE_0.50,MATCHED,0.25
002_20200625_042952(8),2,4,"[197.0,182.00000000000003,208.0,193.0]",True,0.6464512944221497,"[198.98744201660156,182.6388397216797,208.19407653808594,192.25572204589844]",0.7054223257586355,TP,IOU_GE_0.50,MATCHED,0.25
002_20200625_042957(3),0,4,"[202.0,174.00000000000003,211.99999999999997,183.0]",True,0.6230915784835815,"[201.14236450195312,174.02793884277344,210.38453674316406,183.7415313720703]",0.7195402202992855,TP,IOU_GE_0.50,MATCHED,0.25
002_20200625_042957(3),1,4,"[203.0,199.99999999999997,214.0,208.0]",True,0.6286196112632751,"[203.88095092773438,198.81173706054688,213.2100067138672,208.30186462402344]",0.7323980374841732,TP,IOU_GE_0.50,MATCHED,0.25
002_20200625_042957(3),2,4,"[207.00000000000003,230.00000000000003,217.0,240.0]",True,0.627635657787323,"[208.28553771972656,230.8858642578125,217.30047607421875,240.22801208496094]",0.7579128617154126,TP,IOU_GE_0.50,MATCHED,0.25
002_20200629_082630(7),0,4,"[184.0,132.0,195.0,145.00000000000003]",True,0.6231601238250732,"[184.5442352294922,133.35365295410156,194.4661865234375,143.2562713623047]",0.6870859967043178,TP,IOU_GE_0.50,MATCHED,0.25
002_20200629_082630(7),1,4,"[190.0,155.0,199.00000000000003,166.99999999999997]",True,0.6275123953819275,"[190.50906372070312,156.4903106689453,199.58456420898438,165.94732666015625]",0.7073035314709599,TP,IOU_GE_0.50,MATCHED,0.25
002_20200629_082630(7),2,4,"[197.0,187.0,206.99999999999997,195.00000000000003]",True,0.6261526942253113,"[198.65829467773438,187.25746154785156,208.01272583007812,196.9123077392578]",0.6108597983679994,TP,IOU_GE_0.50,MATCHED,0.25
002_20200629_082639(2),0,4,"[198.0,162.0,207.00000000000003,172.99999999999997]",True,0.6468498110771179,"[198.38702392578125,163.24972534179688,208.04808044433594,172.91433715820312]",0.7627747770364909,TP,IOU_GE_0.50,MATCHED,0.25
002_20200629_082639(2),1,4,"[197.0,189.0,208.0,196.0]",True,0.6354462504386902,"[198.92433166503906,187.2169952392578,208.11334228515625,196.76808166503906]",0.6275443747580648,TP,IOU_GE_0.50,MATCHED,0.25
002_20200629_082639(2),2,4,"[199.0,220.99999999999997,208.0,229.0]",True,0.6470160484313965,"[199.72532653808594,220.42059326171875,208.91543579101562,229.89889526367188]",0.7124951769109603,TP,IOU_GE_0.50,MATCHED,0.25
002_20200629_082642(2),0,4,"[188.0,164.0,197.0,172.99999999999997]",True,0.6241062879562378,"[188.58387756347656,163.78721618652344,197.8618927001953,173.33453369140625]",0.8072154102296073,TP,IOU_GE_0.50,MATCHED,0.25
002_20200629_082642(2),1,4,"[192.00000000000003,186.00000000000003,202.0,196.0]",True,0.6206847429275513,"[192.46566772460938,187.38694763183594,201.27606201171875,196.63539123535156]",0.7186154414035822,TP,IOU_GE_0.50,MATCHED,0.25
002_20200629_082642(2),2,4,"[198.0,217.0,207.99999999999997,228.0]",True,0.6355891823768616,"[198.8488311767578,219.1317901611328,208.2512664794922,229.01133728027344]",0.6666360591277666,TP,IOU_GE_0.50,MATCHED,0.25
002_20200629_082645(4),0,4,"[195.0,140.0,207.00000000000003,150.0]",True,0.6349191665649414,"[196.2709503173828,140.5880584716797,205.21237182617188,150.0416259765625]",0.6991326870763189,TP,IOU_GE_0.50,MATCHED,0.25
002_20200629_082645(4),1,4,"[199.0,166.0,210.0,172.0]",True,0.628084659576416,"[200.11830139160156,163.87338256835938,209.0994415283203,173.0556640625]",0.5697456840889806,TP,IOU_GE_0.50,MATCHED,0.25
002_20200629_082645(4),2,4,"[205.0,196.99999999999997,214.99999999999997,205.0]",True,0.6248932480812073,"[205.58636474609375,196.33676147460938,214.4164581298828,205.6450958251953]",0.7715855008951885,TP,IOU_GE_0.50,MATCHED,0.25
002_20200629_163656(7),0,4,"[151.99999999999997,143.0,160.99999999999997,152.0]",True,0.6313266754150391,"[151.2903289794922,142.377685546875,161.619873046875,153.0907745361328]",0.7319630425296816,TP,IOU_GE_0.50,MATCHED,0.25
002_20200629_163656(7),1,4,"[154.0,167.0,163.0,175.99999999999997]",True,0.6095409393310547,"[152.6860809326172,166.76220703125,162.57550048828125,177.02793884277344]",0.7326521883692416,TP,IOU_GE_0.50,MATCHED,0.25
002_20200629_163656(7),2,4,"[156.0,200.00000000000003,164.0,208.99999999999997]",True,0.6586011052131653,"[155.64910888671875,199.8533172607422,165.29031372070312,209.96397399902344]",0.7386212880807236,TP,IOU_GE_0.50,MATCHED,0.25
002_20200629_163659(7),0,4,"[141.99999999999997,140.0,152.0,147.0]",True,0.6362793445587158,"[142.45013427734375,138.50228881835938,152.47080993652344,148.89027404785156]",0.6233270020912592,TP,IOU_GE_0.50,MATCHED,0.25
002_20200629_163659(7),1,4,"[148.0,163.99999999999997,155.0,171.0]",False,0.6160224676132202,"[147.05087280273438,161.69183349609375,156.9980010986328,172.08709716796875]",0.47387396741431337,FN,NOT_MATCHED,LOCALIZATION_FAILURE,0.25
002_20200629_163659(7),2,4,"[154.0,193.0,162.0,201.99999999999997]",True,0.6420367360115051,"[152.91986083984375,193.3927459716797,163.57266235351562,203.76190185546875]",0.6061311652359759,TP,IOU_GE_0.50,MATCHED,0.25
002_20200629_163702(8),0,4,"[147.0,143.0,158.0,153.0]",True,0.6271661520004272,"[146.38189697265625,142.58279418945312,156.98648071289062,153.34103393554688]",0.8039230571369932,TP,IOU_GE_0.50,MATCHED,0.25
002_20200629_163702(8),1,4,"[149.0,167.0,158.0,177.0]",True,0.6118807792663574,"[148.22265625,167.03485107421875,158.0404052734375,177.2085418701172]",0.8951053935544965,TP,IOU_GE_0.50,MATCHED,0.25
002_20200629_163702(8),2,4,"[151.99999999999997,200.00000000000003,160.99999999999997,208.99999999999997]",True,0.6603597402572632,"[151.74545288085938,199.9346923828125,161.52293395996094,210.2163543701172]",0.8057396071682551,TP,IOU_GE_0.50,MATCHED,0.25
002_20200629_163705(8),0,4,"[152.0,143.0,163.0,152.0]",True,0.6217990517616272,"[152.63609313964844,141.1185302734375,162.7526397705078,151.7227020263672]",0.7476120403660609,TP,IOU_GE_0.50,MATCHED,0.25
002_20200629_163705(8),1,4,"[156.0,165.0,165.0,175.99999999999997]",True,0.6168449521064758,"[155.32069396972656,165.2688446044922,164.80081176757812,175.1690216064453]",0.8241133911797309,TP,IOU_GE_0.50,MATCHED,0.25
002_20200629_163705(8),2,4,"[160.0,197.00000000000003,167.99999999999997,209.00000000000003]",True,0.6810473203659058,"[159.28871154785156,196.2886505126953,170.34776306152344,208.32603454589844]",0.6541463272340944,TP,IOU_GE_0.50,MATCHED,0.25
002_20200629_163708(9),0,4,"[154.0,136.0,163.0,145.0]",True,0.6291622519493103,"[153.03805541992188,135.6298828125,164.0666961669922,146.4434356689453]",0.6791952210445099,TP,IOU_GE_0.50,MATCHED,0.25
002_20200629_163708(9),1,4,"[153.0,162.0,164.0,169.0]",True,0.6241101026535034,"[152.7178955078125,159.92501831054688,162.45521545410156,169.9771270751953]",0.6089246211203165,TP,IOU_GE_0.50,MATCHED,0.25
002_20200629_163708(9),2,4,"[154.0,193.0,163.0,201.99999999999997]",True,0.6335130333900452,"[153.4127197265625,193.18382263183594,163.8404083251953,203.4307098388672]",0.7312570478697221,TP,IOU_GE_0.50,MATCHED,0.25
002_20200629_163711(8),0,4,"[153.0,142.0,162.0,152.0]",True,0.6244691014289856,"[152.37686157226562,141.907470703125,162.47662353515625,152.4097137451172]",0.8484950377345656,TP,IOU_GE_0.50,MATCHED,0.25
002_20200629_163711(8),1,4,"[156.0,165.99999999999997,164.0,175.99999999999997]",True,0.6267521977424622,"[154.45265197753906,165.9708251953125,164.6477508544922,176.5895233154297]",0.7389707874754938,TP,IOU_GE_0.50,MATCHED,0.25
002_20200629_163711(8),2,4,"[158.99999999999997,200.00000000000003,165.0,210.0]",False,0.0019456465961411595,"[155.7754669189453,199.3468780517578,166.52528381347656,210.2218017578125]",0.5132440989566824,FN,NOT_MATCHED,LOW_CONFIDENCE,0.25
002_20200714_042641(8),0,4,"[187.0,115.00000000000001,195.0,126.0]",True,0.6345585584640503,"[187.54295349121094,116.07320404052734,196.65084838867188,125.5084228515625]",0.6792962351482074,TP,IOU_GE_0.50,MATCHED,0.25
002_20200714_042641(8),1,4,"[190.0,139.00000000000003,198.0,150.0]",True,0.6334713697433472,"[191.0719757080078,139.61441040039062,199.9849395751953,148.92111206054688]",0.6055705162496119,TP,IOU_GE_0.50,MATCHED,0.25
002_20200714_042641(8),2,4,"[195.0,172.0,203.0,181.99999999999997]",True,0.634183406829834,"[195.67543029785156,172.37156677246094,204.17330932617188,181.14231872558594]",0.7115008441366966,TP,IOU_GE_0.50,MATCHED,0.25
002_20200714_163046(2),0,4,"[202.0,133.0,211.99999999999997,142.0]",True,0.6352969408035278,"[202.45985412597656,132.35765075683594,212.2583770751953,142.0326690673828]",0.8678156533993306,TP,IOU_GE_0.50,MATCHED,0.25
002_20200714_163046(2),1,4,"[202.0,155.0,211.99999999999997,164.0]",True,0.6261301636695862,"[203.42068481445312,155.0755615234375,212.1150665283203,164.08705139160156]",0.8341951640017191,TP,IOU_GE_0.50,MATCHED,0.25
002_20200714_163046(2),2,4,"[204.0,180.00000000000003,214.0,190.0]",True,0.6216115355491638,"[204.4644012451172,180.43612670898438,212.7537078857422,189.0898895263672]",0.7173369358852526,TP,IOU_GE_0.50,MATCHED,0.25
002_20200714_163049(8),0,4,"[203.99999999999997,133.0,216.0,143.0]",True,0.6351141333580017,"[205.69273376464844,133.3375701904297,215.15097045898438,143.09429931640625]",0.7559608560125816,TP,IOU_GE_0.50,MATCHED,0.25
002_20200714_163049(8),1,4,"[209.0,157.0,218.00000000000003,167.0]",True,0.626762866973877,"[208.70481872558594,155.92962646484375,217.42457580566406,164.9026336669922]",0.6548528173299453,TP,IOU_GE_0.50,MATCHED,0.25
002_20200714_163049(8),2,4,"[212.0,179.0,221.99999999999997,190.0]",True,0.6199789643287659,"[213.22198486328125,180.6052703857422,221.7883758544922,189.64132690429688]",0.7036944832419997,TP,IOU_GE_0.50,MATCHED,0.25
002_20200714_163053(5),0,4,"[195.0,148.0,203.0,158.0]",True,0.637133777141571,"[194.33963012695312,147.41993713378906,204.24951171875,157.468994140625]",0.7295555789321982,TP,IOU_GE_0.50,MATCHED,0.25
002_20200714_163053(5),1,4,"[199.99999999999997,169.0,209.0,177.00000000000003]",True,0.6327664852142334,"[200.7097930908203,168.98928833007812,209.37705993652344,177.8319854736328]",0.8056531199109157,TP,IOU_GE_0.50,MATCHED,0.25
002_20200714_163053(5),2,4,"[208.0,192.00000000000003,216.0,201.0]",True,0.6229218244552612,"[208.16305541992188,192.48374938964844,217.26605224609375,201.75587463378906]",0.7443602785689408,TP,IOU_GE_0.50,MATCHED,0.25
002_20200714_163056(8),0,4,"[207.00000000000003,148.0,217.0,157.0]",True,0.6349611878395081,"[206.8681182861328,146.93687438964844,216.8389434814453,157.0977783203125]",0.8617037460262509,TP,IOU_GE_0.50,MATCHED,0.25
002_20200714_163056(8),1,4,"[209.0,169.0,220.0,178.99999999999997]",True,0.6369935274124146,"[209.86343383789062,170.26861572265625,218.0043487548828,178.39279174804688]",0.601256598121573,TP,IOU_GE_0.50,MATCHED,0.25
002_20200714_163056(8),2,4,"[213.0,194.00000000000003,222.99999999999997,202.99999999999997]",True,0.6198911070823669,"[213.81602478027344,194.96009826660156,222.18653869628906,203.5919189453125]",0.7087393631251947,TP,IOU_GE_0.50,MATCHED,0.25
002_20200714_163100(2),0,4,"[201.0,150.0,209.0,159.0]",True,0.6519513130187988,"[200.9490966796875,149.76036071777344,209.81617736816406,159.04617309570312]",0.8744438578173789,TP,IOU_GE_0.50,MATCHED,0.25
002_20200714_163100(2),1,4,"[203.99999999999997,170.0,213.0,178.99999999999997]",True,0.6211092472076416,"[204.70010375976562,171.7358856201172,213.53790283203125,181.10723876953125]",0.5823525970742311,TP,IOU_GE_0.50,MATCHED,0.25
002_20200714_163100(2),2,4,"[210.0,197.00000000000003,217.99999999999997,205.99999999999997]",True,0.6194395422935486,"[209.8880157470703,196.9326629638672,218.24034118652344,205.5059356689453]",0.9005841086142059,TP,IOU_GE_0.50,MATCHED,0.25
002_20200714_163103(5),0,4,"[199.99999999999997,138.0,209.0,147.0]",True,0.6519553661346436,"[200.48684692382812,137.7714385986328,209.96905517578125,147.6776885986328]",0.7793172376674704,TP,IOU_GE_0.50,MATCHED,0.25
002_20200714_163103(5),1,4,"[202.0,160.0,210.0,170.0]",True,0.618420422077179,"[203.35897827148438,160.26934814453125,211.97743225097656,169.21490478515625]",0.608128804819891,TP,IOU_GE_0.50,MATCHED,0.25
002_20200714_163103(5),2,4,"[206.0,185.00000000000003,215.0,195.0]",True,0.6038830280303955,"[207.06600952148438,186.1598358154297,215.0328826904297,194.8442840576172]",0.7631599509574798,TP,IOU_GE_0.50,MATCHED,0.25
002_20200901_003133(6),0,4,"[245.0,155.0,253.99999999999997,163.0]",True,0.6320171356201172,"[243.7356414794922,153.86972045898438,253.66082763671875,164.27455139160156]",0.6537505945048139,TP,IOU_GE_0.50,MATCHED,0.25
002_20200901_003136(6),0,4,"[236.0,156.0,246.99999999999997,165.0]",True,0.6312407851219177,"[237.08999633789062,155.20944213867188,246.97854614257812,165.00389099121094]",0.8328684617263382,TP,IOU_GE_0.50,MATCHED,0.25
002_20200901_003139(6),0,4,"[246.0,148.0,256.0,157.0]",True,0.616611897945404,"[245.4946746826172,146.6896514892578,255.8447265625,157.22689819335938]",0.802134106856176,TP,IOU_GE_0.50,MATCHED,0.25
002_20200901_003142(6),0,4,"[245.0,156.0,255.0,164.0]",True,0.6203157305717468,"[245.5025634765625,155.55914306640625,255.33753967285156,165.3984832763672]",0.7538382087073181,TP,IOU_GE_0.50,MATCHED,0.25
002_20200901_003148(6),0,4,"[245.0,154.0,256.0,165.0]",True,0.6376761794090271,"[246.67137145996094,154.95791625976562,256.2924499511719,165.00274658203125]",0.7556988268515099,TP,IOU_GE_0.50,MATCHED,0.25
002_20200904_230054(2),0,4,"[236.0,138.0,245.99999999999997,149.0]",True,0.6067319512367249,"[236.58770751953125,138.29180908203125,246.813720703125,148.2060546875]",0.7903600663452196,TP,IOU_GE_0.50,MATCHED,0.25
002_20200904_230057(6),0,4,"[246.0,165.99999999999997,256.0,174.99999999999997]",True,0.6324313879013062,"[246.14102172851562,165.09133911132812,256.1605224609375,175.52212524414062]",0.8388203300652013,TP,IOU_GE_0.50,MATCHED,0.25
002_20200904_230105(4),0,4,"[243.0,142.0,252.99999999999997,151.0]",True,0.5978608131408691,"[242.74920654296875,142.1239776611328,252.5699920654297,152.1372833251953]",0.8215427324763932,TP,IOU_GE_0.50,MATCHED,0.25
002_20200905_123055(0),0,4,"[248.00000000000003,137.0,257.0,145.0]",True,0.6299293637275696,"[248.5948944091797,135.85166931152344,258.8942565917969,146.12306213378906]",0.6082504893492338,TP,IOU_GE_0.50,MATCHED,0.25
002_20200905_123058(4),0,4,"[237.0,149.0,244.99999999999997,159.0]",True,0.6298277378082275,"[235.2965850830078,148.1679229736328,246.0712890625,159.4444122314453]",0.6584316961160617,TP,IOU_GE_0.50,MATCHED,0.25
002_20200905_123102(0),0,4,"[244.0,153.0,253.99999999999997,160.0]",True,0.6362037062644958,"[243.7780303955078,151.32420349121094,254.5716552734375,161.7144012451172]",0.6241757705272633,TP,IOU_GE_0.50,MATCHED,0.25
002_20200905_123103(4),0,4,"[241.00000000000003,146.0,252.0,155.0]",True,0.6403661966323853,"[243.1342315673828,145.4907989501953,252.5609893798828,155.54644775390625]",0.6999275516935114,TP,IOU_GE_0.50,MATCHED,0.25
002_20200905_123105(0),0,4,"[237.0,154.0,244.99999999999997,166.0]",True,0.6232796907424927,"[235.6872100830078,154.76560974121094,245.6804962158203,165.0747528076172]",0.7076259225048237,TP,IOU_GE_0.50,MATCHED,0.25
002_20200905_123107(5),0,4,"[237.0,141.0,249.0,152.0]",True,0.6454823017120361,"[239.31207275390625,140.98953247070312,248.78819274902344,151.1714630126953]",0.7296487048351127,TP,IOU_GE_0.50,MATCHED,0.25
002_20200905_123108(4),0,4,"[247.00000000000003,156.0,257.0,169.0]",True,0.6181737780570984,"[247.3927764892578,157.4628448486328,257.40728759765625,168.1098175048828]",0.7614307165766546,TP,IOU_GE_0.50,MATCHED,0.25
002_20200905_123111(6),0,4,"[247.00000000000003,120.0,257.0,131.0]",True,0.6651604175567627,"[247.58506774902344,121.1198959350586,256.8150329589844,130.823974609375]",0.8142573505333139,TP,IOU_GE_0.50,MATCHED,0.25
002_20200905_123112(0),0,4,"[240.00000000000003,141.0,248.0,152.0]",True,0.6071894764900208,"[239.94850158691406,140.9322967529297,249.97579956054688,151.44723510742188]",0.7607772820521846,TP,IOU_GE_0.50,MATCHED,0.25
002_20200906_003114(0),0,4,"[245.0,153.0,255.0,165.0]",True,0.6918306946754456,"[245.22630310058594,154.4366912841797,255.57522583007812,165.04283142089844]",0.8160207653143765,TP,IOU_GE_0.50,MATCHED,0.25
002_20200906_003117(3),0,4,"[245.0,164.0,256.0,176.0]",True,0.6322965621948242,"[246.55715942382812,165.8237762451172,256.0296630859375,175.8958282470703]",0.7188939297285283,TP,IOU_GE_0.50,MATCHED,0.25
002_20200906_003120(8),0,4,"[248.00000000000003,180.00000000000003,258.0,189.0]",True,0.7264847159385681,"[248.13658142089844,179.91419982910156,258.46868896484375,190.03431701660156]",0.8391115985663744,TP,IOU_GE_0.50,MATCHED,0.25
002_20200906_003124(0),0,4,"[246.0,150.0,258.0,159.0]",True,0.6501456499099731,"[246.73367309570312,150.41453552246094,256.4793701171875,160.7101287841797]",0.6711618976838646,TP,IOU_GE_0.50,MATCHED,0.25
002_20200906_003127(3),0,4,"[248.00000000000003,161.0,257.0,173.0]",True,0.6413699388504028,"[247.54745483398438,163.1855926513672,257.1813049316406,173.25399780273438]",0.7571038109494317,TP,IOU_GE_0.50,MATCHED,0.25
002_20200906_003130(7),0,4,"[241.00000000000003,146.0,251.0,157.0]",True,0.6511241793632507,"[241.0890655517578,145.58584594726562,253.13766479492188,157.14398193359375]",0.7773887780886416,TP,IOU_GE_0.50,MATCHED,0.25
002_20200907_184813(1),0,4,"[251.0,105.0,258.0,114.0]",True,0.6508704423904419,"[250.1312255859375,104.64277648925781,259.6310119628906,114.3172836303711]",0.6854848496048458,TP,IOU_GE_0.50,MATCHED,0.25
002_20200907_184815(7),0,4,"[239.0,238.0,248.0,246.99999999999997]",True,0.6496233344078064,"[239.62290954589844,238.46600341796875,249.22320556640625,248.44427490234375]",0.6788902463757858,TP,IOU_GE_0.50,MATCHED,0.25
002_20200907_184818(2),0,4,"[238.0,159.0,245.99999999999997,170.0]",True,0.6453644037246704,"[238.67926025390625,159.38790893554688,248.1043701171875,169.15977478027344]",0.6589434384515274,TP,IOU_GE_0.50,MATCHED,0.25
002_20200907_184823(7),0,4,"[248.00000000000003,183.0,256.0,195.0]",True,0.6199353933334351,"[248.91558837890625,184.27667236328125,258.0852966308594,193.7185821533203]",0.5781904054965529,TP,IOU_GE_0.50,MATCHED,0.25
002_20200907_184826(3),0,4,"[244.0,189.0,253.99999999999997,196.0]",True,0.6163185834884644,"[244.5518341064453,186.57498168945312,253.7991485595703,196.5881805419922]",0.6614403964509665,TP,IOU_GE_0.50,MATCHED,0.25
002_20200907_184828(8),0,4,"[239.0,170.0,249.0,180.0]",True,0.6327924728393555,"[241.3284912109375,170.73106384277344,250.62936401367188,180.27012634277344]",0.6045725177176806,TP,IOU_GE_0.50,MATCHED,0.25
