stem,fold_id,prediction_index,prediction_bbox_json,confidence,nearest_gt_iou,fp_status,report_confidence_threshold
001_20200623_003520(5),1,0,"[341.3878631591797,184.67166137695312,350.3158645629883,192.0]",0.4230367839336395,0.3965298031160418,LOCALIZATION_FALSE_POSITIVE,0.25
001_20200623_003524(0),1,0,"[345.35850524902344,184.8098602294922,354.4262390136719,192.0]",0.4427759051322937,0.3864314208136408,LOCALIZATION_FALSE_POSITIVE,0.25
001_20200623_003524(0),1,2,"[342.68260955810547,218.1976318359375,353.680419921875,229.1501235961914]",0.3879016041755676,0.4723663819216511,LOCALIZATION_FALSE_POSITIVE,0.25
001_20200623_082411(0),1,0,"[341.8278923034668,185.2057342529297,350.5588188171387,192.0]",0.41598182916641235,0.3770517241573903,LOCALIZATION_FALSE_POSITIVE,0.25
001_20200624_043324(2),1,1,"[346.9324417114258,231.69286346435547,357.00868225097656,241.7126693725586]",0.36250218749046326,0.4206748937111138,LOCALIZATION_FALSE_POSITIVE,0.25
001_20200624_043328(7),1,0,"[344.4657516479492,155.78958129882812,354.92284393310547,166.7014923095703]",0.39614254236221313,0.46197109492608773,LOCALIZATION_FALSE_POSITIVE,0.25
001_20200624_043333(2),1,0,"[341.1704902648926,155.893798828125,351.5790100097656,165.98057556152344]",0.4052683711051941,0.41171927369295563,LOCALIZATION_FALSE_POSITIVE,0.25
001_20200624_043333(2),1,2,"[341.5175476074219,189.9473876953125,351.88276290893555,200.45021057128906]",0.3389735221862793,0.4503046431026196,LOCALIZATION_FALSE_POSITIVE,0.25
001_20200624_043337(8),1,1,"[340.69295501708984,188.93694305419922,351.61623764038086,199.4156951904297]",0.3717590570449829,0.4769265463477512,LOCALIZATION_FALSE_POSITIVE,0.25
001_20200624_083150(7),1,1,"[342.5685729980469,150.18434143066406,352.5033264160156,160.009521484375]",0.3685208559036255,0.4416775616324138,LOCALIZATION_FALSE_POSITIVE,0.25
001_20200624_083150(7),1,2,"[357.94354248046875,226.56568145751953,368.64246368408203,236.84346771240234]",0.36810818314552307,0.49089832718111903,LOCALIZATION_FALSE_POSITIVE,0.25
001_20200624_083156(9),1,0,"[346.5074920654297,253.43682289123535,356.73052978515625,263.2112503051758]",0.40098148584365845,0.4163514172560075,LOCALIZATION_FALSE_POSITIVE,0.25
001_20200624_083159(6),1,2,"[361.92533111572266,234.7198486328125,371.66685485839844,244.1701431274414]",0.306307852268219,0.3835844508112752,LOCALIZATION_FALSE_POSITIVE,0.25
001_20200624_083205(7),1,0,"[359.25904083251953,232.1766586303711,369.3048629760742,241.6617431640625]",0.3765825927257538,0.4670856482453223,LOCALIZATION_FALSE_POSITIVE,0.25
001_20200624_083205(7),1,1,"[368.3217086791992,266.4334030151367,378.9056091308594,277.2152099609375]",0.36655423045158386,0.49614667983714383,LOCALIZATION_FALSE_POSITIVE,0.25
001_20200624_083205(7),1,2,"[352.1098327636719,201.7956771850586,362.74742126464844,212.3865737915039]",0.3599213659763336,0.41726518502131243,LOCALIZATION_FALSE_POSITIVE,0.25
001_20200819_124414(0),1,0,"[325.0205993652344,164.485107421875,334.7919921875,174.3572483062744]",0.3928828835487366,0.4957428891939528,LOCALIZATION_FALSE_POSITIVE,0.25
001_20200831_083711(6),1,0,"[475.8108444213867,185.2252197265625,484.60462951660156,192.0]",0.4209304749965668,0.3465398837612113,LOCALIZATION_FALSE_POSITIVE,0.25
001_20200831_083711(6),1,1,"[474.3146209716797,185.78085327148438,480.0,196.2867317199707]",0.2584773898124695,0.3828839808019658,LOCALIZATION_FALSE_POSITIVE,0.25
002_20200623_082253(8),1,0,"[163.58400344848633,140.0,173.11698532104492,148.85581493377686]",0.39854633808135986,0.46901290683571273,LOCALIZATION_FALSE_POSITIVE,0.25
002_20200623_082302(7),1,2,"[158.3687744140625,184.8721466064453,167.3344612121582,192.0]",0.39487025141716003,0.46189736012531657,LOCALIZATION_FALSE_POSITIVE,0.25
002_20200623_082311(8),1,0,"[144.50746536254883,136.55770874023438,155.2098617553711,147.64712524414062]",0.4077674448490143,0.4945138799579572,LOCALIZATION_FALSE_POSITIVE,0.25
002_20200623_082318(5),1,1,"[210.27969360351562,205.7871856689453,219.62635040283203,215.50564575195312]",0.4364340305328369,0.4623762720304459,LOCALIZATION_FALSE_POSITIVE,0.25
002_20200624_123148(2),1,1,"[163.02034759521484,185.04464721679688,172.09453582763672,192.0]",0.3963977098464966,0.478137730133975,LOCALIZATION_FALSE_POSITIVE,0.25
002_20200629_123456(0),1,1,"[145.53565788269043,165.23178100585938,156.4130744934082,176.27392578125]",0.4021722972393036,0.4662392457320786,LOCALIZATION_FALSE_POSITIVE,0.25
002_20200629_123505(0),1,2,"[149.96193885803223,165.41391944885254,161.11513137817383,176.1761817932129]",0.3768371641635895,0.4665360992344251,LOCALIZATION_FALSE_POSITIVE,0.25
002_20200714_083057(5),1,2,"[199.6104965209961,183.014892578125,207.88834762573242,191.21817016601562]",0.44192877411842346,0.44551382721895183,LOCALIZATION_FALSE_POSITIVE,0.25
002_20200715_002447(9),1,3,"[206.81784439086914,185.79991149902344,214.75662231445312,192.0]",0.41742441058158875,0.4268601638629661,LOCALIZATION_FALSE_POSITIVE,0.25
002_20200715_002456(9),1,3,"[185.87625122070312,132.21458435058594,192.0,142.4129638671875]",0.3675236403942108,0.4402252634088335,LOCALIZATION_FALSE_POSITIVE,0.25
